home_team,away_team,Officials,Date
Argentina,France,Szymon Marciniak (Referee) · Paweł Sokolnicki (AR1) · Tomasz Listkiewicz (AR2) · Ismail Elfath (4th) · Tomasz Kwiatkowski (VAR),2022-12-18
Croatia,Morocco,Abdulrahman Ibrahim Al Jassim (Referee) · Taleb Salem Al Marri (AR1) · Saoud Ahmed Al Maqaleh (AR2) · Raphael Claus (4th) · Julio Bascuñán (VAR),2022-12-17
France,Morocco,César Arturo Ramos (Referee) · Alberto Morín (AR1) · Miguel Ángel Hernández (AR2) · Jesús Valenzuela (4th) · Drew Fischer (VAR),2022-12-14
Argentina,Croatia,Daniele Orsato (Referee) · Ciro Carbone (AR1) · Alessandro Giallatini (AR2) · Mohammed Abdulla Hassan (4th) · Massimiliano Irrati (VAR),2022-12-13
Morocco,Portugal,Facundo Tello (Referee) · Ezequiel Brailovsky (AR1) · Gabriel Chade (AR2) · Iván Barton (4th) · Mauro Vigliano (VAR),2022-12-10
England,France,Wilton Sampaio (Referee) · Bruno Boschilia (AR1) · Bruno Pires (AR2) · Mohammed Abdulla Hassan (4th) · Nicolás Gallo (VAR),2022-12-10
Croatia,Brazil,Michael Oliver (Referee) · Stuart Burt (AR1) · Gary Beswick (AR2) · Mustapha Ghorbal (4th) · Pol van Boekel (VAR),2022-12-09
Netherlands,Argentina,Antonio Matéu (Referee) · Pau Cebrián (AR1) · Roberto Díaz (AR2) · Victor Gomes (4th) · Alejandro Hernández (VAR),2022-12-09
Morocco,Spain,Fernando Rapallini (Referee) · Juan Pablo Belatti (AR1) · Diego Bonfá (AR2) · Raphael Claus (4th) · Mauro Vigliano (VAR),2022-12-06
Portugal,Switzerland,César Arturo Ramos (Referee) · Alberto Morín (AR1) · Miguel Ángel Hernández (AR2) · István Kovács (4th) · Drew Fischer (VAR),2022-12-06
Japan,Croatia,Ismail Elfath (Referee) · Corey Parker (AR1) · Kyle Atkins (AR2) · Mustapha Ghorbal (4th) · Nicolás Gallo (VAR),2022-12-05
Brazil,Korea Republic,Clément Turpin (Referee) · Nicolas Danos (AR1) · Cyril Gringore (AR2) · Slavko Vinčič (4th) · Jérôme Brisard (VAR),2022-12-05
France,Poland,Jesús Valenzuela (Referee) · Jorge Urrego (AR1) · Tulio Moreno (AR2) · Kevin Ortega (4th) · Juan Soto (VAR),2022-12-04
England,Senegal,Iván Barton (Referee) · David Morán (AR1) · Kathryn Nesbitt (AR2) · Said Martínez (4th) · Drew Fischer (VAR),2022-12-04
Netherlands,United States,Wilton Sampaio (Referee) · Bruno Boschilia (AR1) · Bruno Pires (AR2) · Andrés Matonte (4th) · Nicolás Gallo (VAR),2022-12-03
Argentina,Australia,Szymon Marciniak (Referee) · Paweł Sokolnicki (AR1) · Tomasz Listkiewicz (AR2) · Mario Escobar (4th) · Tomasz Kwiatkowski (VAR),2022-12-03
Korea Republic,Portugal,Facundo Tello (Referee) · Ezequiel Brailovsky (AR1) · Gabriel Chade (AR2) · Maguette Ndiaye (4th) · Nicolás Gallo (VAR),2022-12-02
Ghana,Uruguay,Daniel Siebert (Referee) · Jan Seidel (AR1) · Rafael Foltyn (AR2) · Yoshimi Yamashita (4th) · Bastian Dankert (VAR),2022-12-02
Cameroon,Brazil,Ismail Elfath (Referee) · Kyle Atkins (AR1) · Corey Parker (AR2) · Ma Ning (4th) · Alejandro Hernández (VAR),2022-12-02
Serbia,Switzerland,Fernando Rapallini (Referee) · Juan Pablo Belatti (AR1) · Diego Bonfá (AR2) · Kevin Ortega (4th) · Mauro Vigliano (VAR),2022-12-02
Canada,Morocco,Raphael Claus (Referee) · Rodrigo Correa (AR1) · Danilo Manis (AR2) · Yoshimi Yamashita (4th) · Julio Bascuñán (VAR),2022-12-01
Croatia,Belgium,Anthony Taylor (Referee) · Gary Beswick (AR1) · Adam Nunn (AR2) · István Kovács (4th) · Marco Fritz (VAR),2022-12-01
Costa Rica,Germany,Stéphanie Frappart (Referee) · Neuza Back (AR1) · Karen Díaz (AR2) · Said Martínez (4th) · Drew Fischer (VAR),2022-12-01
Japan,Spain,Victor Gomes (Referee) · Zakhele Siwela (AR1) · Souru Phatsoane (AR2) · Salima Mukansanga (4th) · Fernando Guerrero (VAR),2022-12-01
Australia,Denmark,Mustapha Ghorbal (Referee) · Mokrane Gourari (AR1) · Abdelhak Etchiali (AR2) · Maguette Ndiaye (4th) · Mauro Vigliano (VAR),2022-11-30
Tunisia,France,Matt Conger (Referee) · Mark Rule (AR1) · Tevita Makasini (AR2) · Salima Mukansanga (4th) · Abdulla Ali Al Marri (VAR),2022-11-30
Saudi Arabia,Mexico,Michael Oliver (Referee) · Stuart Burt (AR1) · Simon Bennett (AR2) · István Kovács (4th) · Massimiliano Irrati (VAR),2022-11-30
Poland,Argentina,Danny Makkelie (Referee) · Hessel Steegstra (AR1) · Jan de Vries (AR2) · Said Martínez (4th) · Pol van Boekel (VAR),2022-11-30
Ecuador,Senegal,Clément Turpin (Referee) · Nicolas Danos (AR1) · Cyril Gringore (AR2) · István Kovács (4th) · Jérôme Brisard (VAR),2022-11-29
Netherlands,Qatar,Bakary Papa Gassama (Referee) · Elvis Noupue (AR1) · Mahmoud Abo El Regal (AR2) · Ma Ning (4th) · Redouane Jiyed (VAR),2022-11-29
IR Iran,United States,Antonio Matéu (Referee) · Pau Cebrián (AR1) · Roberto Díaz (AR2) · Kevin Ortega (4th) · Juan Martínez (VAR),2022-11-29
Wales,England,Slavko Vinčič (Referee) · Tomaž Klančnik (AR1) · Andraž Kovačič (AR2) · Yoshimi Yamashita (4th) · Marco Fritz (VAR),2022-11-29
Cameroon,Serbia,Mohammed Abdulla Hassan (Referee) · Mohamed Ahmed Al Hammadi (AR1) · Hasan Mohamed Suqatari (AR2) · Ma Ning (4th) · Nicolás Gallo (VAR),2022-11-28
Korea Republic,Ghana,Anthony Taylor (Referee) · Gary Beswick (AR1) · Adam Nunn (AR2) · Kevin Ortega (4th) · Tomasz Kwiatkowski (VAR),2022-11-28
Brazil,Switzerland,Iván Barton (Referee) · David Morán (AR1) · Zachari Zeegelaar (AR2) · Said Martínez (4th) · Drew Fischer (VAR),2022-11-28
Portugal,Uruguay,Alireza Faghani (Referee) · Mohammadreza Mansouri (AR1) · Mohammadreza Abolfazli (AR2) · Abdulrahman Ibrahim Al Jassim (4th) · Abdulla Ali Al Marri (VAR),2022-11-28
Japan,Costa Rica,Michael Oliver (Referee) · Stuart Burt (AR1) · Simon Bennett (AR2) · Maguette Ndiaye (4th) · Jérôme Brisard (VAR),2022-11-27
Belgium,Morocco,César Arturo Ramos (Referee) · Alberto Morín (AR1) · Miguel Ángel Hernández (AR2) · Yoshimi Yamashita (4th) · Fernando Guerrero (VAR),2022-11-27
Croatia,Canada,Andrés Matonte (Referee) · Nicolás Tarán (AR1) · Martín Soppi (AR2) · Kevin Ortega (4th) · Mauro Vigliano (VAR),2022-11-27
Spain,Germany,Danny Makkelie (Referee) · Hessel Steegstra (AR1) · Jan de Vries (AR2) · István Kovács (4th) · Pol van Boekel (VAR),2022-11-27
Tunisia,Australia,Daniel Siebert (Referee) · Rafael Foltyn (AR1) · Jan Seidel (AR2) · Said Martínez (4th) · Bastian Dankert (VAR),2022-11-26
Poland,Saudi Arabia,Wilton Sampaio (Referee) · Bruno Boschilia (AR1) · Bruno Pires (AR2) · Kevin Ortega (4th) · Drew Fischer (VAR),2022-11-26
France,Denmark,Szymon Marciniak (Referee) · Paweł Sokolnicki (AR1) · Tomasz Listkiewicz (AR2) · Ma Ning (4th) · Tomasz Kwiatkowski (VAR),2022-11-26
Argentina,Mexico,Daniele Orsato (Referee) · Ciro Carbone (AR1) · Alessandro Giallatini (AR2) · István Kovács (4th) · Massimiliano Irrati (VAR),2022-11-26
Wales,IR Iran,Mario Escobar (Referee) · Caleb Wales (AR1) · Juan Carlos Mora (AR2) · Maguette Ndiaye (4th) · Drew Fischer (VAR),2022-11-25
Qatar,Senegal,Antonio Matéu (Referee) · Pau Cebrián (AR1) · Roberto Díaz (AR2) · Kevin Ortega (4th) · Alejandro Hernández (VAR),2022-11-25
Netherlands,Ecuador,Mustapha Ghorbal (Referee) · Mokrane Gourari (AR1) · Abdelhak Etchiali (AR2) · Said Martínez (4th) · Shaun Evans (VAR),2022-11-25
England,United States,Jesús Valenzuela (Referee) · Jorge Urrego (AR1) · Tulio Moreno (AR2) · Yoshimi Yamashita (4th) · Juan Soto (VAR),2022-11-25
Switzerland,Cameroon,Facundo Tello (Referee) · Ezequiel Brailovsky (AR1) · Gabriel Chade (AR2) · Said Martínez (4th) · Mauro Vigliano (VAR),2022-11-24
Uruguay,Korea Republic,Clément Turpin (Referee) · Nicolas Danos (AR1) · Cyril Gringore (AR2) · István Kovács (4th) · Jérôme Brisard (VAR),2022-11-24
Portugal,Ghana,Ismail Elfath (Referee) · Kyle Atkins (AR1) · Corey Parker (AR2) · Stéphanie Frappart (4th) · Armando Villarreal (VAR),2022-11-24
Brazil,Serbia,Alireza Faghani (Referee) · Mohammadreza Mansouri (AR1) · Mohammadreza Abolfazli (AR2) · Maguette Ndiaye (4th) · Abdulla Ali Al Marri (VAR),2022-11-24
Morocco,Croatia,Fernando Rapallini (Referee) · Juan Pablo Belatti (AR1) · Diego Bonfá (AR2) · Kevin Ortega (4th) · Julio Bascuñán (VAR),2022-11-23
Germany,Japan,Iván Barton (Referee) · David Morán (AR1) · Zachari Zeegelaar (AR2) · Said Martínez (4th) · Mauro Vigliano (VAR),2022-11-23
Spain,Costa Rica,Mohammed Abdulla Hassan (Referee) · Mohamed Ahmed Al Hammadi (AR1) · Hasan Mohamed Suqatari (AR2) · Ma Ning (4th) · Abdulla Ali Al Marri (VAR),2022-11-23
Belgium,Canada,Janny Sikazwe (Referee) · Jerson dos Santos (AR1) · Arsénio Marengula (AR2) · Yoshimi Yamashita (4th) · Juan Soto (VAR),2022-11-23
Argentina,Saudi Arabia,Slavko Vinčič (Referee) · Tomaž Klančnik (AR1) · Andraž Kovačič (AR2) · Maguette Ndiaye (4th) · Pol van Boekel (VAR),2022-11-22
Denmark,Tunisia,César Arturo Ramos (Referee) · Alberto Morín (AR1) · Miguel Ángel Hernández (AR2) · Said Martínez (4th) · Fernando Guerrero (VAR),2022-11-22
Mexico,Poland,Chris Beath (Referee) · Anton Shchetinin (AR1) · Ashley Beecham (AR2) · Stéphanie Frappart (4th) · Shaun Evans (VAR),2022-11-22
France,Australia,Victor Gomes (Referee) · Zakhele Siwela (AR1) · Souru Phatsoane (AR2) · Salima Mukansanga (4th) · Drew Fischer (VAR),2022-11-22
England,IR Iran,Raphael Claus (Referee) · Rodrigo Correa (AR1) · Danilo Manis (AR2) · Kevin Ortega (4th) · Leodán González (VAR),2022-11-21
Senegal,Netherlands,Wilton Sampaio (Referee) · Bruno Boschilia (AR1) · Bruno Pires (AR2) · Andrés Matonte (4th) · Juan Soto (VAR),2022-11-21
United States,Wales,Abdulrahman Ibrahim Al Jassim (Referee) · Taleb Salem Al Marri (AR1) · Saoud Ahmed Al Maqaleh (AR2) · Ma Ning (4th) · Abdulla Ali Al Marri (VAR),2022-11-21
Qatar,Ecuador,Daniele Orsato (Referee) · Ciro Carbone (AR1) · Alessandro Giallatini (AR2) · István Kovács (4th) · Massimiliano Irrati (VAR),2022-11-20
France,Croatia,Néstor Pitana (Referee) · Hernán Maidana (AR1) · Juan Pablo Belatti (AR2) · Björn Kuipers (4th) · Massimiliano Irrati (VAR),2018-07-15
Belgium,England,Alireza Faghani (Referee) · Reza Sokhandan (AR1) · Mohammadreza Mansouri (AR2) · Malang Diédhiou (4th) · Mark Geiger (VAR),2018-07-14
Croatia,England,Cüneyt Çakιr (Referee) · Bahattin Duran (AR1) · Tarık Ongun (AR2) · Björn Kuipers (4th) · Danny Makkelie (VAR),2018-07-11
France,Belgium,Andrés Cunha (Referee) · Nicolás Tarán (AR1) · Mauricio Espinosa (AR2) · César Arturo Ramos (4th) · Massimiliano Irrati (VAR),2018-07-10
Sweden,England,Björn Kuipers (Referee) · Sander van Roekel (AR1) · Erwin Zeinstra (AR2) · Antonio Matéu Lahoz (4th) · Danny Makkelie (VAR),2018-07-07
Russia,Croatia,Sandro Ricci (Referee) · Emerson de Carvalho (AR1) · Marcelo Van Gasse (AR2) · Janny Sikazwe (4th) · Massimiliano Irrati (VAR),2018-07-07
Uruguay,France,Néstor Pitana (Referee) · Hernán Maidana (AR1) · Juan Pablo Belatti (AR2) · Alireza Faghani (4th) · Massimiliano Irrati (VAR),2018-07-06
Brazil,Belgium,Milorad Mažić (Referee) · Milovan Ristić (AR1) · Dalibor Đurđević (AR2) · Jair Marrufo (4th) · Daniele Orsato (VAR),2018-07-06
Sweden,Switzerland,Damir Skomina (Referee) · Jure Praprotnik (AR1) · Robert Vukan (AR2) · Nawaf Shukralla (4th) · Daniele Orsato (VAR),2018-07-03
Colombia,England,Mark Geiger (Referee) · Joe Fletcher (AR1) · Frank Anderson (AR2) · Matt Conger (4th) · Danny Makkelie (VAR),2018-07-03
Brazil,Mexico,Gianluca Rocchi (Referee) · Elenito Di Liberatore (AR1) · Mauro Tonolini (AR2) · Antonio Matéu Lahoz (4th) · Massimiliano Irrati (VAR),2018-07-02
Belgium,Japan,Malang Diédhiou (Referee) · Djibril Camara (AR1) · El Hadji Malick Samba (AR2) · Bakary Papa Gassama (4th) · Felix Zwayer (VAR),2018-07-02
Spain,Russia,Björn Kuipers (Referee) · Sander van Roekel (AR1) · Erwin Zeinstra (AR2) · Clément Turpin (4th) · Danny Makkelie (VAR),2018-07-01
Croatia,Denmark,Néstor Pitana (Referee) · Hernán Maidana (AR1) · Juan Pablo Belatti (AR2) · Enrique Cáceres (4th) · Mauro Vigliano (VAR),2018-07-01
France,Argentina,Alireza Faghani (Referee) · Reza Sokhandan (AR1) · Mohammadreza Mansouri (AR2) · Julio Bascuñán (4th) · Massimiliano Irrati (VAR),2018-06-30
Uruguay,Portugal,César Arturo Ramos (Referee) · Marvin Torrentera (AR1) · Miguel Ángel Hernández (AR2) · Jair Marrufo (4th) · Mark Geiger (VAR),2018-06-30
Japan,Poland,Janny Sikazwe (Referee) · Jerson dos Santos (AR1) · Zakhele Siwela (AR2) · Ricardo Montero (4th) · Daniele Orsato (VAR),2018-06-28
Senegal,Colombia,Milorad Mažić (Referee) · Milovan Ristić (AR1) · Dalibor Đurđević (AR2) · Bamlak Tessema (4th) · Danny Makkelie (VAR),2018-06-28
England,Belgium,Damir Skomina (Referee) · Jure Praprotnik (AR1) · Robert Vukan (AR2) · Mohammed Abdulla Hassan (4th) · Artur Soares Dias (VAR),2018-06-28
Panama,Tunisia,Nawaf Shukralla (Referee) · Yaser Tulefat (AR1) · Taleb Salem Al Marri (AR2) · Mehdi Abid Charef (4th) · Tiago Martins (VAR),2018-06-28
Korea Republic,Germany,Mark Geiger (Referee) · Joe Fletcher (AR1) · Frank Anderson (AR2) · Julio Bascuñán (4th) · Danny Makkelie (VAR),2018-06-27
Mexico,Sweden,Néstor Pitana (Referee) · Hernán Maidana (AR1) · Juan Pablo Belatti (AR2) · Andrés Cunha (4th) · Mauro Vigliano (VAR),2018-06-27
Switzerland,Costa Rica,Clément Turpin (Referee) · Nicolas Danos (AR1) · Cyril Gringore (AR2) · Norbert Hauata (4th) · Felix Zwayer (VAR),2018-06-27
Serbia,Brazil,Alireza Faghani (Referee) · Reza Sokhandan (AR1) · Mohammadreza Mansouri (AR2) · Nawaf Shukralla (4th) · Massimiliano Irrati (VAR),2018-06-27
Australia,Peru,Sergey Karasev (Referee) · Anton Averianov (AR1) · Tikhon Kalugin (AR2) · Ryūji Satō (4th) · Danny Makkelie (VAR),2018-06-26
Denmark,France,Sandro Ricci (Referee) · Emerson de Carvalho (AR1) · Marcelo Van Gasse (AR2) · Gianluca Rocchi (4th) · Mauro Vigliano (VAR),2018-06-26
Iceland,Croatia,Antonio Matéu Lahoz (Referee) · Pau Cebrián Devis (AR1) · Roberto Díaz Pérez (AR2) · John Pitti (4th) · Paolo Valeri (VAR),2018-06-26
Nigeria,Argentina,Cüneyt Çakιr (Referee) · Bahattin Duran (AR1) · Tarık Ongun (AR2) · Björn Kuipers (4th) · Daniele Orsato (VAR),2018-06-26
Saudi Arabia,Egypt,Wilmar Roldán (Referee) · Alexander Guzmán (AR1) · Cristián de la Cruz (AR2) · Ricardo Montero (4th) · Artur Soares Dias (VAR),2018-06-25
Uruguay,Russia,Malang Diédhiou (Referee) · Djibril Camara (AR1) · El Hadji Malick Samba (AR2) · Bamlak Tessema (4th) · Clément Turpin (VAR),2018-06-25
Spain,Morocco,Ravshan Irmatov (Referee) · Abdukhamidullo Rasulov (AR1) · Jakhongir Saidov (AR2) · Mohammed Abdulla Hassan (4th) · Felix Zwayer (VAR),2018-06-25
IR Iran,Portugal,Enrique Cáceres (Referee) · Eduardo Cardozo (AR1) · Juan Zorrilla (AR2) · Mehdi Abid Charef (4th) · Massimiliano Irrati (VAR),2018-06-25
England,Panama,Gehad Grisha (Referee) · Redouane Achik (AR1) · Waleed Ahmed Ali (AR2) · Norbert Hauata (4th) · Danny Makkelie (VAR),2018-06-24
Japan,Senegal,Gianluca Rocchi (Referee) · Elenito Di Liberatore (AR1) · Mauro Tonolini (AR2) · Abdelrahman Al Jassim (4th) · Massimiliano Irrati (VAR),2018-06-24
Poland,Colombia,César Arturo Ramos (Referee) · Marvin Torrentera (AR1) · Miguel Ángel Hernández (AR2) · Julio Bascuñán (4th) · Mauro Vigliano (VAR),2018-06-24
Belgium,Tunisia,Jair Marrufo (Referee) · Corey Rockwell (AR1) · Juan Zumba (AR2) · Andrés Cunha (4th) · Mark Geiger (VAR),2018-06-23
Korea Republic,Mexico,Milorad Mažić (Referee) · Milovan Ristić (AR1) · Dalibor Đurđević (AR2) · John Pitti (4th) · Daniele Orsato (VAR),2018-06-23
Germany,Sweden,Szymon Marciniak (Referee) · Paweł Sokolnicki (AR1) · Tomasz Listkiewicz (AR2) · Ryūji Satō (4th) · Clément Turpin (VAR),2018-06-23
Brazil,Costa Rica,Björn Kuipers (Referee) · Sander van Roekel (AR1) · Erwin Zeinstra (AR2) · Damir Skomina (4th) · Danny Makkelie (VAR),2018-06-22
Nigeria,Iceland,Matt Conger (Referee) · Simon Lount (AR1) · Tevita Makasini (AR2) · Ricardo Montero (4th) · Massimiliano Irrati (VAR),2018-06-22
Serbia,Switzerland,Felix Brych (Referee) · Mark Borsch (AR1) · Stefan Lupp (AR2) · Nawaf Shukralla (4th) · Felix Zwayer (VAR),2018-06-22
Denmark,Australia,Antonio Matéu Lahoz (Referee) · Pau Cebrián Devis (AR1) · Roberto Díaz Pérez (AR2) · Bamlak Tessema (4th) · Mark Geiger (VAR),2018-06-21
France,Peru,Mohammed Abdulla Hassan (Referee) · Mohamed Ahmed Al Hammadi (AR1) · Hasan Mohamed Al Mahri (AR2) · Janny Sikazwe (4th) · Daniele Orsato (VAR),2018-06-21
Argentina,Croatia,Ravshan Irmatov (Referee) · Abdukhamidullo Rasulov (AR1) · Jakhongir Saidov (AR2) · Norbert Hauata (4th) · Felix Zwayer (VAR),2018-06-21
Portugal,Morocco,Mark Geiger (Referee) · Joe Fletcher (AR1) · Frank Anderson (AR2) · Sergey Karasev (4th) · Felix Zwayer (VAR),2018-06-20
Uruguay,Saudi Arabia,Clément Turpin (Referee) · Nicolas Danos (AR1) · Cyril Gringore (AR2) · John Pitti (4th) · Szymon Marciniak (VAR),2018-06-20
IR Iran,Spain,Andrés Cunha (Referee) · Nicolás Tarán (AR1) · Mauricio Espinosa (AR2) · Julio Bascuñán (4th) · Mauro Vigliano (VAR),2018-06-20
Colombia,Japan,Damir Skomina (Referee) · Jure Praprotnik (AR1) · Robert Vukan (AR2) · Mehdi Abid Charef (4th) · Danny Makkelie (VAR),2018-06-19
Poland,Senegal,Nawaf Shukralla (Referee) · Yaser Tulefat (AR1) · Taleb Salem Al Marri (AR2) · Abdelrahman Al Jassim (4th) · Artur Soares Dias (VAR),2018-06-19
Russia,Egypt,Enrique Cáceres (Referee) · Eduardo Cardozo (AR1) · Juan Zorrilla (AR2) · Cüneyt Çakιr (4th) · Massimiliano Irrati (VAR),2018-06-19
Sweden,Korea Republic,Joel Aguilar (Referee) · Juan Zumba (AR1) · Juan Carlos Mora (AR2) · Norbert Hauata (4th) · Mauro Vigliano (VAR),2018-06-18
Belgium,Panama,Janny Sikazwe (Referee) · Jerson dos Santos (AR1) · Zakhele Siwela (AR2) · Ryūji Satō (4th) · Bastian Dankert (VAR),2018-06-18
Tunisia,England,Wilmar Roldán (Referee) · Alexander Guzmán (AR1) · Cristián de la Cruz (AR2) · Ricardo Montero (4th) · Sandro Ricci (VAR),2018-06-18
Costa Rica,Serbia,Malang Diédhiou (Referee) · Djibril Camara (AR1) · El Hadji Malick Samba (AR2) · Bamlak Tessema (4th) · Clément Turpin (VAR),2018-06-17
Germany,Mexico,Alireza Faghani (Referee) · Reza Sokhandan (AR1) · Mohammadreza Mansouri (AR2) · Mohammed Abdulla Hassan (4th) · Massimiliano Irrati (VAR),2018-06-17
Brazil,Switzerland,César Ramos (Referee) · Marvin Torrentera (AR1) · Miguel Ángel Hernández (AR2) · John Pitti (4th) · Paolo Valeri (VAR),2018-06-17
France,Australia,Andrés Cunha (Referee) · Nicolás Tarán (AR1) · Mauricio Espinosa (AR2) · Julio Bascuñán (4th) · Mauro Vigliano (VAR),2018-06-16
Argentina,Iceland,Szymon Marciniak (Referee) · Paweł Sokolnicki (AR1) · Tomasz Listkiewicz (AR2) · Wilmar Roldán (4th) · Mark Geiger (VAR),2018-06-16
Peru,Denmark,Bakary Papa Gassama (Referee) · Jean-Claude Birumushahu (AR1) · Abdelhak Etchiali (AR2) · Mehdi Abid Charef (4th) · Felix Zwayer (VAR),2018-06-16
Croatia,Nigeria,Sandro Ricci (Referee) · Emerson de Carvalho (AR1) · Marcelo Van Gasse (AR2) · Antonio Matéu Lahoz (4th) · Daniele Orsato (VAR),2018-06-16
Egypt,Uruguay,Björn Kuipers (Referee) · Sander van Roekel (AR1) · Erwin Zeinstra (AR2) · Milorad Mažić (4th) · Danny Makkelie (VAR),2018-06-15
Morocco,IR Iran,Cüneyt Çakιr (Referee) · Bahattin Duran (AR1) · Tarık Ongun (AR2) · Sergey Karasev (4th) · Felix Zwayer (VAR),2018-06-15
Portugal,Spain,Gianluca Rocchi (Referee) · Elenito Di Liberatore (AR1) · Mauro Tonolini (AR2) · Ryūji Satō (4th) · Massimiliano Irrati (VAR),2018-06-15
Russia,Saudi Arabia,Néstor Pitana (Referee) · Juan Pablo Belatti (AR1) · Hernán Maidana (AR2) · Sandro Ricci (4th) · Massimiliano Irrati (VAR),2018-06-14
Germany,Argentina,Nicola Rizzoli (Referee) · Renato Faverani (AR1) · Andrea Stefani (AR2) · Carlos Vera (4th),2014-07-13
Brazil,Netherlands,Djamel Haïmoudi (Referee) · Redouane Achik (AR1) · Abdelhak Etchiali (AR2) · Yuichi Nishimura (4th),2014-07-12
Netherlands,Argentina,Cüneyt Çakιr (Referee) · Bahattin Duran (AR1) · Tarık Ongun (AR2) · Jonas Eriksson (4th),2014-07-09
Brazil,Germany,Marco Antonio Rodríguez (Referee) · Marvin Torrentera (AR1) · Marcos Quintero (AR2) · Mark Geiger (4th),2014-07-08
Argentina,Belgium,Nicola Rizzoli (Referee) · Renato Faverani (AR1) · Andrea Stefani (AR2) · Benjamin Williams (4th),2014-07-05
Netherlands,Costa Rica,Ravshan Irmatov (Referee) · Abdukhamidullo Rasulov (AR1) · Bahadır Koçkarov (AR2) · Noumandiez Doué (4th),2014-07-05
France,Germany,Néstor Pitana (Referee) · Hernán Maidana (AR1) · Juan Pablo Belatti (AR2) · Jonas Eriksson (4th),2014-07-04
Brazil,Colombia,Carlos Velasco (Referee) · Roberto Alonso (AR1) · Juan Carlos Yuste (AR2) · Svein Oddvar Moen (4th),2014-07-04
Argentina,Switzerland,Jonas Eriksson (Referee) · Mathias Klasenius (AR1) · Daniel Wärnmark (AR2) · Svein Oddvar Moen (4th),2014-07-01
Belgium,United States,Djamel Haïmoudi (Referee) · Redouane Achik (AR1) · Abdelhak Etchiali (AR2) · Norbert Hauata (4th),2014-07-01
France,Nigeria,Mark Geiger (Referee) · Sean Hurd (AR1) · Joe Fletcher (AR2) · Alireza Faghani (4th),2014-06-30
Germany,Algeria,Sandro Ricci (Referee) · Emerson de Carvalho (AR1) · Marcelo Van Gasse (AR2) · Walter López (4th),2014-06-30
Netherlands,Mexico,Pedro Proença (Referee) · Bertino Miranda (AR1) · José Trigo (AR2) · Carlos Vera (4th),2014-06-29
Costa Rica,Greece,Benjamin Williams (Referee) · Matthew Cream (AR1) · Hakan Anaz (AR2) · Nawaf Shukralla (4th),2014-06-29
Brazil,Chile,Howard Webb (Referee) · Michael Mullarkey (AR1) · Darren Cann (AR2) · Felix Brych (4th),2014-06-28
Colombia,Uruguay,Björn Kuipers (Referee) · Sander van Roekel (AR1) · Erwin Zeinstra (AR2) · Svein Oddvar Moen (4th),2014-06-28
United States,Germany,Ravshan Irmatov (Referee) · Abdukhamidullo Rasulov (AR1) · Bahadır Koçkarov (AR2) · Alioum Alioum (4th),2014-06-26
Portugal,Ghana,Nawaf Shukralla (Referee) · Yaser Tulefat (AR1) · Ebrahim Saleh (AR2) · Wilmar Roldán (4th),2014-06-26
Korea Republic,Belgium,Benjamin Williams (Referee) · Matthew Cream (AR1) · Hakan Anaz (AR2) · Víctor Carrillo (4th),2014-06-26
Algeria,Russia,Cüneyt Çakιr (Referee) · Bahattin Duran (AR1) · Tarık Ongun (AR2) · Joel Aguilar (4th),2014-06-26
Bosnia and Herzegovina,IR Iran,Carlos Velasco (Referee) · Roberto Alonso (AR1) · Juan Carlos Yuste (AR2) · Enrique Osses (4th),2014-06-25
Nigeria,Argentina,Nicola Rizzoli (Referee) · Renato Faverani (AR1) · Andrea Stefani (AR2) · Svein Oddvar Moen (4th),2014-06-25
Honduras,Switzerland,Néstor Pitana (Referee) · Hernán Maidana (AR1) · Juan Pablo Belatti (AR2) · Milorad Mažić (4th),2014-06-25
Ecuador,France,Noumandiez Doué (Referee) · Songuifolo Yéo (AR1) · Jean-Claude Birumushahu (AR2) · Björn Kuipers (4th),2014-06-25
Costa Rica,England,Djamel Haïmoudi (Referee) · Redouane Achik (AR1) · Abdelhak Etchiali (AR2) · Alireza Faghani (4th),2014-06-24
Italy,Uruguay,Marco Antonio Rodríguez (Referee) · Marvin Torrentera (AR1) · Marcos Quintero (AR2) · Mark Geiger (4th),2014-06-24
Japan,Colombia,Pedro Proença (Referee) · Bertino Miranda (AR1) · José Trigo (AR2) · Roberto Moreno (4th),2014-06-24
Greece,Côte d'Ivoire,Carlos Vera (Referee) · Christian Lescano (AR1) · Byron Romero (AR2) · Sandro Ricci (4th),2014-06-24
Australia,Spain,Nawaf Shukralla (Referee) · Yaser Tulefat (AR1) · Ebrahim Saleh (AR2) · Norbert Hauata (4th),2014-06-23
Netherlands,Chile,Bakary Papa Gassama (Referee) · Evarist Menkouande (AR1) · Félicien Kabanda (AR2) · Joel Aguilar (4th),2014-06-23
Croatia,Mexico,Ravshan Irmatov (Referee) · Abdukhamidullo Rasulov (AR1) · Bahadır Koçkarov (AR2) · Alioum Alioum (4th),2014-06-23
Cameroon,Brazil,Jonas Eriksson (Referee) · Mathias Klasenius (AR1) · Daniel Wärnmark (AR2) · Svein Oddvar Moen (4th),2014-06-23
Belgium,Russia,Felix Brych (Referee) · Mark Borsch (AR1) · Stefan Lupp (AR2) · Carlos Vera (4th),2014-06-22
Korea Republic,Algeria,Wilmar Roldán (Referee) · Eduardo Díaz (AR1) · Christian Lescano (AR2) · Alireza Faghani (4th),2014-06-22
United States,Portugal,Néstor Pitana (Referee) · Hernán Maidana (AR1) · Juan Pablo Belatti (AR2) · Walter López (4th),2014-06-22
Argentina,IR Iran,Milorad Mažić (Referee) · Milovan Ristić (AR1) · Dalibor Đurđević (AR2) · Norbert Hauata (4th),2014-06-21
Germany,Ghana,Sandro Ricci (Referee) · Emerson de Carvalho (AR1) · Marcelo Van Gasse (AR2) · Víctor Carrillo (4th),2014-06-21
Nigeria,Bosnia and Herzegovina,Peter O'Leary (Referee) · Jan-Hendrik Hintz (AR1) · Mark Rule (AR2) · Roberto Moreno (4th),2014-06-21
Italy,Costa Rica,Enrique Osses (Referee) · Carlos Astroza (AR1) · Sergio Román (AR2) · Alioum Alioum (4th),2014-06-20
Switzerland,France,Björn Kuipers (Referee) · Sander van Roekel (AR1) · Erwin Zeinstra (AR2) · Svein Oddvar Moen (4th),2014-06-20
Honduras,Ecuador,Benjamin Williams (Referee) · Matthew Cream (AR1) · Hakan Anaz (AR2) · Yuichi Nishimura (4th),2014-06-20
Colombia,Côte d'Ivoire,Howard Webb (Referee) · Michael Mullarkey (AR1) · Darren Cann (AR2) · Víctor Carrillo (4th),2014-06-19
Uruguay,England,Carlos Velasco (Referee) · Roberto Alonso (AR1) · Juan Carlos Yuste (AR2) · Alireza Faghani (4th),2014-06-19
Japan,Greece,Joel Aguilar (Referee) · William Torres (AR1) · Juan Zumba (AR2) · Norbert Hauata (4th),2014-06-19
Australia,Netherlands,Djamel Haïmoudi (Referee) · Redouane Achik (AR1) · Abdelhak Etchiali (AR2) · Bakary Papa Gassama (4th),2014-06-18
Spain,Chile,Mark Geiger (Referee) · Sean Hurd (AR1) · Joe Fletcher (AR2) · Nawaf Shukralla (4th),2014-06-18
Cameroon,Croatia,Pedro Proença (Referee) · Bertino Miranda (AR1) · José Trigo (AR2) · Walter López (4th),2014-06-18
Belgium,Algeria,Marcos Rodriguez (Referee) · Marvin Torrentera (AR1) · Marcos Quintero (AR2) · Alireza Faghani (4th),2014-06-17
Brazil,Mexico,Cüneyt Çakιr (Referee) · Bahattin Duran (AR1) · Tarık Ongun (AR2) · Svein Oddvar Moen (4th),2014-06-17
Russia,Korea Republic,Néstor Pitana (Referee) · Hernán Maidana (AR1) · Juan Pablo Belatti (AR2) · Roberto Moreno (4th),2014-06-17
Germany,Portugal,Milorad Mažić (Referee) · Milovan Ristić (AR1) · Dalibor Đurđević (AR2) · Alioum Alioum (4th),2014-06-16
IR Iran,Nigeria,Carlos Vera (Referee) · Christian Lescano (AR1) · Byron Romero (AR2) · Wilmar Roldán (4th),2014-06-16
Ghana,United States,Jonas Eriksson (Referee) · Mathias Klasenius (AR1) · Daniel Wärnmark (AR2) · Norbert Hauata (4th),2014-06-16
Switzerland,Ecuador,Ravshan Irmatov (Referee) · Abdukhamidullo Rasulov (AR1) · Bahadır Koçkarov (AR2) · Svein Oddvar Moen (4th),2014-06-15
France,Honduras,Sandro Ricci (Referee) · Emerson de Carvalho (AR1) · Marcelo Van Gasse (AR2) · Peter O'Leary (4th),2014-06-15
Argentina,Bosnia and Herzegovina,Joel Aguilar (Referee) · William Torres (AR1) · Juan Zumba (AR2) · Djamel Haïmoudi (4th),2014-06-15
Colombia,Greece,Mark Geiger (Referee) · Sean Hurd (AR1) · Joe Fletcher (AR2) · Alireza Faghani (4th),2014-06-14
Uruguay,Costa Rica,Felix Brych (Referee) · Mark Borsch (AR1) · Stefan Lupp (AR2) · Víctor Carrillo (4th),2014-06-14
England,Italy,Björn Kuipers (Referee) · Sander van Roekel (AR1) · Erwin Zeinstra (AR2) · Walter López (4th),2014-06-14
Côte d'Ivoire,Japan,Enrique Osses (Referee) · Carlos Astroza (AR1) · Sergio Román (AR2) · Alioum Alioum (4th),2014-06-14
Mexico,Cameroon,Wilmar Roldán (Referee) · Humberto Clavijo (AR1) · Eduardo Díaz (AR2) · Norbert Hauata (4th),2014-06-13
Spain,Netherlands,Nicola Rizzoli (Referee) · Renato Faverani (AR1) · Andrea Stefani (AR2) · Svein Oddvar Moen (4th),2014-06-13
Chile,Australia,Noumandiez Doué (Referee) · Songuifolo Yéo (AR1) · Jean-Claude Birumushahu (AR2) · Roberto Moreno (4th),2014-06-13
Brazil,Croatia,Yuichi Nishimura (Referee) · Toru Sagara (AR1) · Toshiyuki Nagi (AR2) · Alireza Faghani (4th),2014-06-12
Netherlands,Spain,Howard Webb (Referee) · Darren Cann (AR1) · Michael Mullarkey (AR2) · Yuichi Nishimura (4th),2010-07-11
Uruguay,Germany,,2010-07-10
Germany,Spain,,2010-07-07
Uruguay,Netherlands,,2010-07-06
Argentina,Germany,,2010-07-03
Paraguay,Spain,,2010-07-03
Netherlands,Brazil,,2010-07-02
Uruguay,Ghana,,2010-07-02
Paraguay,Japan,,2010-06-29
Spain,Portugal,,2010-06-29
Netherlands,Slovakia,,2010-06-28
Brazil,Chile,,2010-06-28
Germany,England,,2010-06-27
Argentina,Mexico,,2010-06-27
Uruguay,Korea Republic,,2010-06-26
United States,Ghana,,2010-06-26
Portugal,Brazil,,2010-06-25
Korea DPR,Côte d'Ivoire,,2010-06-25
Chile,Spain,,2010-06-25
Switzerland,Honduras,,2010-06-25
Paraguay,New Zealand,,2010-06-24
Slovakia,Italy,,2010-06-24
Denmark,Japan,,2010-06-24
Cameroon,Netherlands,,2010-06-24
Slovenia,England,,2010-06-23
United States,Algeria,,2010-06-23
Ghana,Germany,,2010-06-23
Australia,Serbia,,2010-06-23
Mexico,Uruguay,,2010-06-22
France,South Africa,,2010-06-22
Nigeria,Korea Republic,,2010-06-22
Greece,Argentina,,2010-06-22
Portugal,Korea DPR,,2010-06-21
Chile,Switzerland,,2010-06-21
Spain,Honduras,,2010-06-21
Slovakia,Paraguay,,2010-06-20
Italy,New Zealand,,2010-06-20
Brazil,Côte d'Ivoire,,2010-06-20
Netherlands,Japan,,2010-06-19
Ghana,Australia,,2010-06-19
Cameroon,Denmark,,2010-06-19
Germany,Serbia,,2010-06-18
Slovenia,United States,,2010-06-18
England,Algeria,,2010-06-18
Argentina,Korea Republic,,2010-06-17
Greece,Nigeria,,2010-06-17
France,Mexico,,2010-06-17
Honduras,Chile,,2010-06-16
Spain,Switzerland,,2010-06-16
South Africa,Uruguay,,2010-06-16
New Zealand,Slovakia,,2010-06-15
Côte d'Ivoire,Portugal,,2010-06-15
Brazil,Korea DPR,,2010-06-15
Netherlands,Denmark,,2010-06-14
Japan,Cameroon,,2010-06-14
Italy,Paraguay,,2010-06-14
Algeria,Slovenia,,2010-06-13
Serbia,Ghana,,2010-06-13
Germany,Australia,,2010-06-13
Korea Republic,Greece,,2010-06-12
Argentina,Nigeria,,2010-06-12
England,United States,,2010-06-12
South Africa,Mexico,,2010-06-11
Uruguay,France,,2010-06-11
Italy,France,,2006-07-09
Germany,Portugal,,2006-07-08
Portugal,France,,2006-07-05
Germany,Italy,,2006-07-04
England,Portugal,,2006-07-01
Brazil,France,,2006-07-01
Germany,Argentina,,2006-06-30
Italy,Ukraine,,2006-06-30
Brazil,Ghana,,2006-06-27
Spain,France,,2006-06-27
Italy,Australia,,2006-06-26
Switzerland,Ukraine,,2006-06-26
England,Ecuador,,2006-06-25
Portugal,Netherlands,,2006-06-25
Germany,Sweden,,2006-06-24
Argentina,Mexico,,2006-06-24
Saudi Arabia,Spain,,2006-06-23
Ukraine,Tunisia,,2006-06-23
Togo,France,,2006-06-23
Switzerland,Korea Republic,,2006-06-23
Ghana,United States,,2006-06-22
Czech Republic,Italy,,2006-06-22
Japan,Brazil,,2006-06-22
Croatia,Australia,,2006-06-22
Portugal,Mexico,,2006-06-21
IR Iran,Angola,,2006-06-21
Côte d'Ivoire,Serbia and Montenegro,,2006-06-21
Netherlands,Argentina,,2006-06-21
Costa Rica,Poland,,2006-06-20
Ecuador,Germany,,2006-06-20
Paraguay,Trinidad and Tobago,,2006-06-20
Sweden,England,,2006-06-20
Togo,Switzerland,,2006-06-19
Saudi Arabia,Ukraine,,2006-06-19
Spain,Tunisia,,2006-06-19
Japan,Croatia,,2006-06-18
Brazil,Australia,,2006-06-18
France,Korea Republic,,2006-06-18
Portugal,IR Iran,,2006-06-17
Czech Republic,Ghana,,2006-06-17
Italy,United States,,2006-06-17
Argentina,Serbia and Montenegro,,2006-06-16
Netherlands,Côte d'Ivoire,,2006-06-16
Mexico,Angola,,2006-06-16
Ecuador,Costa Rica,,2006-06-15
England,Trinidad and Tobago,,2006-06-15
Sweden,Paraguay,,2006-06-15
Spain,Ukraine,,2006-06-14
Tunisia,Saudi Arabia,,2006-06-14
Germany,Poland,,2006-06-14
Korea Republic,Togo,,2006-06-13
France,Switzerland,,2006-06-13
Brazil,Croatia,,2006-06-13
Australia,Japan,,2006-06-12
United States,Czech Republic,,2006-06-12
Italy,Ghana,,2006-06-12
Serbia and Montenegro,Netherlands,,2006-06-11
Mexico,IR Iran,,2006-06-11
Angola,Portugal,,2006-06-11
England,Paraguay,,2006-06-10
Trinidad and Tobago,Sweden,,2006-06-10
Argentina,Côte d'Ivoire,,2006-06-10
Germany,Costa Rica,,2006-06-09
Poland,Ecuador,,2006-06-09
Germany,Brazil,,2002-06-30
Korea Republic,Türkiye,,2002-06-29
Brazil,Türkiye,,2002-06-26
Germany,Korea Republic,,2002-06-25
Spain,Korea Republic,,2002-06-22
Senegal,Türkiye,,2002-06-22
England,Brazil,,2002-06-21
Germany,United States,,2002-06-21
Japan,Türkiye,,2002-06-18
Korea Republic,Italy,,2002-06-18
Mexico,United States,,2002-06-17
Brazil,Belgium,,2002-06-17
Sweden,Senegal,,2002-06-16
Spain,Republic of Ireland,,2002-06-16
Germany,Paraguay,,2002-06-15
Denmark,England,,2002-06-15
Tunisia,Japan,,2002-06-14
Belgium,Russia,,2002-06-14
Portugal,Korea Republic,,2002-06-14
Poland,United States,,2002-06-14
Costa Rica,Brazil,,2002-06-13
Türkiye,China PR,,2002-06-13
Mexico,Italy,,2002-06-13
Ecuador,Croatia,,2002-06-13
Sweden,Argentina,,2002-06-12
Nigeria,England,,2002-06-12
South Africa,Spain,,2002-06-12
Slovenia,Paraguay,,2002-06-12
Denmark,France,,2002-06-11
Senegal,Uruguay,,2002-06-11
Saudi Arabia,Republic of Ireland,,2002-06-11
Cameroon,Germany,,2002-06-11
Korea Republic,United States,,2002-06-10
Tunisia,Belgium,,2002-06-10
Portugal,Poland,,2002-06-10
Mexico,Ecuador,,2002-06-09
Costa Rica,Türkiye,,2002-06-09
Japan,Russia,,2002-06-09
South Africa,Slovenia,,2002-06-08
Italy,Croatia,,2002-06-08
Brazil,China PR,,2002-06-08
Sweden,Nigeria,,2002-06-07
Spain,Paraguay,,2002-06-07
Argentina,England,,2002-06-07
Denmark,Senegal,,2002-06-06
Cameroon,Saudi Arabia,,2002-06-06
France,Uruguay,,2002-06-06
Russia,Tunisia,,2002-06-05
United States,Portugal,,2002-06-05
Germany,Republic of Ireland,,2002-06-05
China PR,Costa Rica,,2002-06-04
Japan,Belgium,,2002-06-04
Korea Republic,Poland,,2002-06-04
Croatia,Mexico,,2002-06-03
Brazil,Türkiye,,2002-06-03
Italy,Ecuador,,2002-06-03
Argentina,Nigeria,,2002-06-02
Paraguay,South Africa,,2002-06-02
England,Sweden,,2002-06-02
Spain,Slovenia,,2002-06-02
Republic of Ireland,Cameroon,,2002-06-01
Uruguay,Denmark,,2002-06-01
Germany,Saudi Arabia,,2002-06-01
France,Senegal,,2002-05-31
Brazil,France,,1998-07-12
Netherlands,Croatia,,1998-07-11
France,Croatia,,1998-07-08
Brazil,Netherlands,,1998-07-07
Netherlands,Argentina,,1998-07-04
Germany,Croatia,,1998-07-04
Italy,France,,1998-07-03
Brazil,Denmark,,1998-07-03
Romania,Croatia,,1998-06-30
Argentina,England,,1998-06-30
Germany,Mexico,,1998-06-29
Netherlands,FR Yugoslavia,,1998-06-29
France,Paraguay,,1998-06-28
Nigeria,Denmark,,1998-06-28
Italy,Norway,,1998-06-27
Brazil,Chile,,1998-06-27
Argentina,Croatia,,1998-06-26
Japan,Jamaica,,1998-06-26
Romania,Tunisia,,1998-06-26
Colombia,England,,1998-06-26
Netherlands,Mexico,,1998-06-25
Belgium,Korea Republic,,1998-06-25
United States,FR Yugoslavia,,1998-06-25
Germany,IR Iran,,1998-06-25
South Africa,Saudi Arabia,,1998-06-24
France,Denmark,,1998-06-24
Spain,Bulgaria,,1998-06-24
Nigeria,Paraguay,,1998-06-24
Italy,Austria,,1998-06-23
Chile,Cameroon,,1998-06-23
Brazil,Norway,,1998-06-23
Scotland,Morocco,,1998-06-23
Colombia,Tunisia,,1998-06-22
Romania,England,,1998-06-22
Germany,FR Yugoslavia,,1998-06-21
Argentina,Jamaica,,1998-06-21
United States,IR Iran,,1998-06-21
Japan,Croatia,,1998-06-20
Belgium,Mexico,,1998-06-20
Netherlands,Korea Republic,,1998-06-20
Nigeria,Bulgaria,,1998-06-19
Spain,Paraguay,,1998-06-19
South Africa,Denmark,,1998-06-18
France,Saudi Arabia,,1998-06-18
Chile,Austria,,1998-06-17
Italy,Cameroon,,1998-06-17
Scotland,Norway,,1998-06-16
Brazil,Morocco,,1998-06-16
England,Tunisia,,1998-06-15
Romania,Colombia,,1998-06-15
Germany,United States,,1998-06-15
Argentina,Japan,,1998-06-14
FR Yugoslavia,IR Iran,,1998-06-14
Jamaica,Croatia,,1998-06-14
Spain,Nigeria,,1998-06-13
Korea Republic,Mexico,,1998-06-13
Netherlands,Belgium,,1998-06-13
Paraguay,Bulgaria,,1998-06-12
Saudi Arabia,Denmark,,1998-06-12
France,South Africa,,1998-06-12
Italy,Chile,,1998-06-11
Cameroon,Austria,,1998-06-11
Brazil,Scotland,,1998-06-10
Morocco,Norway,,1998-06-10
Brazil,Italy,Sandor Puhl (Referee) · Venancio Zarate (AR1) · Mohammad Fanaei (AR2),1994-07-17
Sweden,Bulgaria,Ali Bujsaim (Referee) · El Jilali Mohamed Rharib (AR1) · Ernesto Taibi (AR2),1994-07-16
Bulgaria,Italy,Joel Quiniou (Referee) · Carl-Johan Meyer Christensen (AR1) · Roy Pearson (AR2),1994-07-13
Sweden,Brazil,Jose Joaquin Torres Cadena (Referee) · Sandor Marton (AR1) · Luc Matthys (AR2),1994-07-13
Bulgaria,Germany,Jose Joaquin Torres Cadena (Referee) · Venancio Zarate (AR1) · Sandor Marton (AR2),1994-07-10
Romania,Sweden,Philip Don (Referee) · Roy Pearson (AR1) · Hae-Yong Park (AR2),1994-07-10
Italy,Spain,Sandor Puhl (Referee) · Gordon Dunster (AR1) · Luc Matthys (AR2),1994-07-09
Netherlands,Brazil,Rodrigo Badilla (Referee) · Yousif Abdulla Al Ghattan (AR1) · Mohammad Fanaei (AR2),1994-07-09
Nigeria,Italy,Arturo Brizio Carter (Referee) · Ernesto Taibi (AR1) · Venancio Zarate (AR2),1994-07-05
Mexico,Bulgaria,Jamal Al Sharif (Referee) · Mohammad Fanaei (AR1) · Yousif Abdulla Al Ghattan (AR2),1994-07-05
Netherlands,Republic of Ireland,Peter Mikkelsen (Referee) · Gordon Dunster (AR1) · Eugene Brazzale (AR2),1994-07-04
Brazil,United States,Joel Quiniou (Referee) · Hae-Yong Park (AR1) · Mikael Everstig (AR2),1994-07-04
Saudi Arabia,Sweden,Renato Marsiglia (Referee) · Paulo Jorge Alves (AR1) · Raimundo Calix Garcia (AR2),1994-07-03
Romania,Argentina,Pierluigi Pairetto (Referee) · Domenico Ramicone (AR1) · Luc Matthys (AR2),1994-07-03
Germany,Belgium,Kurt Roethlisberger (Referee) · Michal Listkiewicz (AR1) · Carl-Johan Meyer Christensen (AR2),1994-07-02
Spain,Switzerland,Mario Van Der Ende (Referee) · Jan Dolstra (AR1) · Sandor Marton (AR2),1994-07-02
Greece,Nigeria,Leslie Mottram (Referee) · Hae-Yong Park (AR1) · Paulo Jorge Alves (AR2),1994-06-30
Argentina,Bulgaria,Neji Jouini (Referee) · Tapio Yli-Karro (AR1) · El Jilali Mohamed Rharib (AR2),1994-06-30
Morocco,Netherlands,Alberto Tejada Noriega (Referee) · Venancio Zarate (AR1) · Mikael Everstig (AR2),1994-06-29
Belgium,Saudi Arabia,Hellmut Krug (Referee) · Eugene Brazzale (AR1) · Ernesto Taibi (AR2),1994-06-29
Italy,Mexico,Francisco Oscar Lamolina (Referee) · Ernesto Taibi (AR1) · Eugene Brazzale (AR2),1994-06-28
Republic of Ireland,Norway,Jose Joaquin Torres Cadena (Referee) · Paulo Jorge Alves (AR1) · Hae-Yong Park (AR2),1994-06-28
Russia,Cameroon,Jamal Al Sharif (Referee) · Gordon Dunster (AR1) · Jan Dolstra (AR2),1994-06-28
Brazil,Sweden,Sandor Puhl (Referee) · Sandor Marton (AR1) · Luc Matthys (AR2),1994-06-28
Germany,Korea Republic,Joel Quiniou (Referee) · Valentin Ivanov (AR1) · Abdel-Magid Hassan (AR2),1994-06-27
Bolivia,Spain,Rodrigo Badilla (Referee) · Raimundo Calix Garcia (AR1) · Yousif Abdulla Al Ghattan (AR2),1994-06-27
Bulgaria,Greece,Ali Bujsaim (Referee) · Yousif Abdulla Al Ghattan (AR1) · Raimundo Calix Garcia (AR2),1994-06-26
United States,Romania,Mario Van Der Ende (Referee) · Jan Dolstra (AR1) · Gordon Dunster (AR2),1994-06-26
Switzerland,Colombia,Peter Mikkelsen (Referee) · Carl-Johan Meyer Christensen (AR1) · Douglas Micael James (AR2),1994-06-26
Belgium,Netherlands,Renato Marsiglia (Referee) · Paulo Jorge Alves (AR1) · Michal Listkiewicz (AR2),1994-06-25
Saudi Arabia,Morocco,Philip Don (Referee) · Roy Pearson (AR1) · Tapio Yli-Karro (AR2),1994-06-25
Argentina,Nigeria,Bo Karlsson (Referee) · Mikael Everstig (AR1) · Luc Matthys (AR2),1994-06-25
Mexico,Republic of Ireland,Kurt Roethlisberger (Referee) · Michal Listkiewicz (AR1) · Paulo Jorge Alves (AR2),1994-06-24
Brazil,Cameroon,Arturo Brizio Carter (Referee) · Douglas Micael James (AR1) · Carl-Johan Meyer Christensen (AR2),1994-06-24
Sweden,Russia,Joel Quiniou (Referee) · Mohammad Fanaei (AR1) · Abdel-Magid Hassan (AR2),1994-06-24
Italy,Norway,Hellmut Krug (Referee) · Tapio Yli-Karro (AR1) · Roy Pearson (AR2),1994-06-23
Korea Republic,Bolivia,Leslie Mottram (Referee) · Luc Matthys (AR1) · Mikael Everstig (AR2),1994-06-23
Romania,Switzerland,Neji Jouini (Referee) · Abdel-Magid Hassan (AR1) · Mohammad Fanaei (AR2),1994-06-22
United States,Colombia,Fabio Baldas (Referee) · Domenico Ramicone (AR1) · El Jilali Mohamed Rharib (AR2),1994-06-22
Argentina,Greece,Arturo Angeles (Referee) · Hae-Yong Park (AR1) · Jan Dolstra (AR2),1994-06-21
Germany,Spain,Ernesto Filippi (Referee) · Venancio Zarate (AR1) · Ernesto Taibi (AR2),1994-06-21
Nigeria,Bulgaria,Rodrigo Badilla (Referee) · Gordon Dunster (AR1) · Eugene Brazzale (AR2),1994-06-21
Brazil,Russia,An Yan Lim Kee Chong (Referee) · El Jilali Mohamed Rharib (AR1) · Domenico Ramicone (AR2),1994-06-20
Netherlands,Saudi Arabia,Manuel Diaz Vega (Referee) · Valentin Ivanov (AR1) · Sandor Marton (AR2),1994-06-20
Belgium,Morocco,Jose Joaquin Torres Cadena (Referee) · Raimundo Calix Garcia (AR1) · Tapio Yli-Karro (AR2),1994-06-19
Norway,Mexico,Sandor Puhl (Referee) · Sandor Marton (AR1) · Valentin Ivanov (AR2),1994-06-19
Cameroon,Sweden,Alberto Tejada Noriega (Referee) · Douglas Micael James (AR1) · Yousif Abdulla Al Ghattan (AR2),1994-06-19
United States,Switzerland,Francisco Oscar Lamolina (Referee) · Ernesto Taibi (AR1) · Venancio Zarate (AR2),1994-06-18
Italy,Republic of Ireland,Mario Van Der Ende (Referee) · Jan Dolstra (AR1) · Hae-Yong Park (AR2),1994-06-18
Colombia,Romania,Jamal Al Sharif (Referee) · Yousif Abdulla Al Ghattan (AR1) · Douglas Micael James (AR2),1994-06-18
Germany,Bolivia,Arturo Brizio Carter (Referee) · Eugene Brazzale (AR1) · Gordon Dunster (AR2),1994-06-17
Spain,Korea Republic,Peter Mikkelsen (Referee) · Carl-Johan Meyer Christensen (AR1) · Roy Pearson (AR2),1994-06-17
West Germany,Argentina,Edgardo Codesal Mendez (Referee) · Armando Perez Hoyos (AR1) · Michal Listkiewicz (AR2),1990-07-08
Italy,England,Joel Quiniou (Referee) · Mohamed Hansal (AR1) · Kurt Roethlisberger (AR2),1990-07-07
West Germany,England,Jose Ramiz Wright (Referee) · Joel Quiniou (AR1) · Armando Perez Hoyos (AR2),1990-07-04
Italy,Argentina,Michel Vautrot (Referee) · Michal Listkiewicz (AR1) · Peter Mikkelsen (AR2),1990-07-03
West Germany,Czechoslovakia,Helmut Kohl (Referee) · Peter Mikkelsen (AR1) · Michal Listkiewicz (AR2),1990-07-01
England,Cameroon,Edgardo Codesal Mendez (Referee) · Vincent Mauro (AR1) · Jassim Mandi (AR2),1990-07-01
Yugoslavia,Argentina,Kurt Roethlisberger (Referee) · Neji Jouini (AR1) · Mohamed Hansal (AR2),1990-06-30
Italy,Republic of Ireland,Carlos Alberto Silva Valente (Referee) · Armando Perez Hoyos (AR1) · Berny Ulloa Morera (AR2),1990-06-30
Spain,Yugoslavia,Aron Schmidhuber (Referee) · Alan Snoddy (AR1) · Michal Listkiewicz (AR2),1990-06-26
England,Belgium,Peter Mikkelsen (Referee) · Helmut Kohl (AR1) · Shizuo Takada (AR2),1990-06-26
Republic of Ireland,Romania,Jose Ramiz Wright (Referee) · Carlos Maciel (AR1) · Jassim Mandi (AR2),1990-06-25
Italy,Uruguay,George Courtney (Referee) · Kurt Roethlisberger (AR1) · Zoran Petrovic (AR2),1990-06-25
Brazil,Argentina,Joel Quiniou (Referee) · Alexey Spirin (AR1) · Pierluigi Pairetto (AR2),1990-06-24
West Germany,Netherlands,Juan Loustau (Referee) · Elias V. Jacome Guerrero (AR1) · Vincent Mauro (AR2),1990-06-24
Cameroon,Colombia,Tullio Lanese (Referee) · Jamal Al Sharif (AR1) · Berny Ulloa Morera (AR2),1990-06-23
Czechoslovakia,Costa Rica,Siegfried Kirschen (Referee) · Armando Perez Hoyos (AR1) · Pietro D Elia (AR2),1990-06-23
Belgium,Spain,Juan Loustau (Referee) · Carlos Maciel (AR1) · Vincent Mauro (AR2),1990-06-21
Korea Republic,Uruguay,Tullio Lanese (Referee) · Jean Fidele Diramba (AR1) · Neji Jouini (AR2),1990-06-21
Republic of Ireland,Netherlands,Michel Vautrot (Referee) · Richard Lorenc (AR1) · Mohamed Hansal (AR2),1990-06-21
England,Egypt,Kurt Roethlisberger (Referee) · Berny Ulloa Morera (AR1) · Edgardo Codesal Mendez (AR2),1990-06-21
Sweden,Costa Rica,Zoran Petrovic (Referee) · Alan Snoddy (AR1) · George Courtney (AR2),1990-06-20
Brazil,Scotland,Helmut Kohl (Referee) · Michal Listkiewicz (AR1) · Siegfried Kirschen (AR2),1990-06-20
West Germany,Colombia,Alan Snoddy (Referee) · Jassim Mandi (AR1) · Tullio Lanese (AR2),1990-06-19
Yugoslavia,United Arab Emirates,Shizuo Takada (Referee) · Peter Mikkelsen (AR1) · Michel Vautrot (AR2),1990-06-19
Austria,United States,Jamal Al Sharif (Referee) · Richard Lorenc (AR1) · Zoran Petrovic (AR2),1990-06-19
Italy,Czechoslovakia,Joel Quiniou (Referee) · Marcel Van Langenhove (AR1) · George Smith (AR2),1990-06-19
Argentina,Romania,Carlos Alberto Silva Valente (Referee) · Berny Ulloa Morera (AR1) · Carlo Longhi (AR2),1990-06-18
Cameroon,Soviet Union,Jose Ramiz Wright (Referee) · Pietro D Elia (AR1) · Kurt Roethlisberger (AR2),1990-06-18
Republic of Ireland,Egypt,Marcel Van Langenhove (Referee) · Joel Quiniou (AR1) · Rosario Lo Bello (AR2),1990-06-17
Belgium,Uruguay,Siegfried Kirschen (Referee) · Peter Mikkelsen (AR1) · Alexey Spirin (AR2),1990-06-17
Korea Republic,Spain,Elias V. Jacome Guerrero (Referee) · Pierluigi Magni (AR1) · Juan Loustau (AR2),1990-06-17
Brazil,Costa Rica,Neji Jouini (Referee) · Jean Fidele Diramba (AR1) · Jassim Mandi (AR2),1990-06-16
England,Netherlands,Zoran Petrovic (Referee) · Mohamed Hansal (AR1) · Edgardo Codesal Mendez (AR2),1990-06-16
Sweden,Scotland,Carlos Maciel (Referee) · Vincent Mauro (AR1) · Michal Listkiewicz (AR2),1990-06-16
Austria,Czechoslovakia,George Smith (Referee) · Richard Lorenc (AR1) · Jamal Al Sharif (AR2),1990-06-15
West Germany,United Arab Emirates,Alexey Spirin (Referee) · Shizuo Takada (AR1) · Pierluigi Pairetto (AR2),1990-06-15
Yugoslavia,Colombia,Luigi Agnolin (Referee) · Neji Jouini (AR1) · Jean Fidele Diramba (AR2),1990-06-14
Cameroon,Romania,Hernan Silva Arce (Referee) · Carlos Alberto Silva Valente (AR1) · Armando Perez Hoyos (AR2),1990-06-14
Italy,United States,Edgardo Codesal Mendez (Referee) · Juan Cardellino De San Vicente (AR1) · Berny Ulloa Morera (AR2),1990-06-14
Uruguay,Spain,Helmut Kohl (Referee) · Alexey Spirin (AR1) · Siegfried Kirschen (AR2),1990-06-13
Argentina,Soviet Union,Erik Fredriksson (Referee) · Jose Ramiz Wright (AR1) · Jamal Al Sharif (AR2),1990-06-13
Belgium,Korea Republic,Vincent Mauro (Referee) · Alan Snoddy (AR1) · George Courtney (AR2),1990-06-12
Netherlands,Egypt,Emilio Soriano Aladren (Referee) · Edgardo Codesal Mendez (AR1) · Juan Cardellino De San Vicente (AR2),1990-06-12
Costa Rica,Scotland,Juan Loustau (Referee) · Carlos Maciel (AR1) · Elias V. Jacome Guerrero (AR2),1990-06-11
England,Republic of Ireland,Aron Schmidhuber (Referee) · Erik Fredriksson (AR1) · Kurt Roethlisberger (AR2),1990-06-11
United States,Czechoslovakia,Kurt Roethlisberger (Referee) · Marcel Van Langenhove (AR1) · Aron Schmidhuber (AR2),1990-06-10
West Germany,Yugoslavia,Peter Mikkelsen (Referee) · Jassim Mandi (AR1) · Michal Listkiewicz (AR2),1990-06-10
Brazil,Sweden,Tullio Lanese (Referee) · Michel Vautrot (AR1) · Neji Jouini (AR2),1990-06-10
United Arab Emirates,Colombia,George Courtney (Referee) · Shizuo Takada (AR1) · Alan Snoddy (AR2),1990-06-09
Soviet Union,Romania,Juan Cardellino De San Vicente (Referee) · Emilio Soriano Aladren (AR1) · Hernan Silva Arce (AR2),1990-06-09
Italy,Austria,Jose Ramiz Wright (Referee) · Armando Perez Hoyos (AR1) · Carlos Alberto Silva Valente (AR2),1990-06-09
Argentina,Cameroon,Michel Vautrot (Referee) · Vincent Mauro (AR1) · Michal Listkiewicz (AR2),1990-06-08
Argentina,West Germany,Romualdo Arppi Filho (Referee) · Erik Fredriksson (AR1) · Berny Ulloa Morera (AR2),1986-06-29
France,Belgium,George Courtney (Referee) · Hernan Silva Arce (AR1) · Jamal Al Sharif (AR2),1986-06-28
France,West Germany,Luigi Agnolin (Referee) · Zoran Petrovic (AR1) · Lajos Nemeth (AR2),1986-06-25
Argentina,Belgium,Antonio Marquez Ramirez (Referee) · Romulo Mendez Molina (AR1) · Carlos Alberto Silva Valente (AR2),1986-06-25
Argentina,England,Ali Bennaceur (Referee) · Berny Ulloa Morera (AR1) · Bogdan Dotchev (AR2),1986-06-22
Spain,Belgium,Siegfried Kirschen (Referee) · Edgardo Codesal Mendez (AR1) · Horst Brummeier (AR2),1986-06-22
Brazil,France,Ioan Igna (Referee) · Lajos Nemeth (AR1) · Vojtech Christov (AR2),1986-06-21
West Germany,Mexico,Jesus Diaz Palacio (Referee) · Christopher Bambridge (AR1) · Alan Snoddy (AR2),1986-06-21
England,Paraguay,Jamal Al Sharif (Referee) · Alexis Ponnet (AR1) · Fallaj Khuzam Al Shanar (AR2),1986-06-18
Denmark,Spain,Jan Keizer (Referee) · Ali Bennaceur (AR1) · Bogdan Dotchev (AR2),1986-06-18
Italy,France,Carlos Esposito (Referee) · Jose Luis Martinez Bazan (AR1) · Jesus Diaz Palacio (AR2),1986-06-17
Morocco,West Germany,Zoran Petrovic (Referee) · Lajos Nemeth (AR1) · Horst Brummeier (AR2),1986-06-17
Brazil,Poland,Volker Roth (Referee) · Antonio Marquez Ramirez (AR1) · Alan Snoddy (AR2),1986-06-16
Argentina,Uruguay,Luigi Agnolin (Referee) · George Courtney (AR1) · Carlos Alberto Silva Valente (AR2),1986-06-16
Mexico,Bulgaria,Romualdo Arppi Filho (Referee) · Romulo Mendez Molina (AR1) · Ioan Igna (AR2),1986-06-15
Soviet Union,Belgium,Erik Fredriksson (Referee) · Victoriano Sanchez Arminio (AR1) · David Socha (AR2),1986-06-15
Scotland,Uruguay,Joel Quiniou (Referee) · Jesus Diaz Palacio (AR1) · Ali Bennaceur (AR2),1986-06-13
Denmark,West Germany,Alexis Ponnet (Referee) · Christopher Bambridge (AR1) · Erik Fredriksson (AR2),1986-06-13
Algeria,Spain,Shizuo Takada (Referee) · Edwin Picon-Ackong (AR1) · Carlos Esposito (AR2),1986-06-12
Northern Ireland,Brazil,Siegfried Kirschen (Referee) · Idrissa Traore (AR1) · George Courtney (AR2),1986-06-12
Paraguay,Belgium,Bogdan Dotchev (Referee) · Ali Bennaceur (AR1) · Hernan Silva Arce (AR2),1986-06-11
Iraq,Mexico,Zoran Petrovic (Referee) · Lajos Nemeth (AR1) · Luigi Agnolin (AR2),1986-06-11
England,Poland,Andre Daina (Referee) · Horst Brummeier (AR1) · Vojtech Christov (AR2),1986-06-11
Portugal,Morocco,Alan Snoddy (Referee) · Valeri Butenko (AR1) · Volker Roth (AR2),1986-06-11
Argentina,Bulgaria,Berny Ulloa Morera (Referee) · Romualdo Arppi Filho (AR1) · Jose Luis Martinez Bazan (AR2),1986-06-10
Korea Republic,Italy,David Socha (Referee) · Joaquin Urrea (AR1) · Jamal Al Sharif (AR2),1986-06-10
Soviet Union,Canada,Idrissa Traore (Referee) · Fallaj Khuzam Al Shanar (AR1) · Gabriel Gonzalez Roa (AR2),1986-06-09
Hungary,France,Carlos Alberto Silva Valente (Referee) · Alexis Ponnet (AR1) · Andre Daina (AR2),1986-06-09
West Germany,Scotland,Ioan Igna (Referee) · Bogdan Dotchev (AR1) · Alan Snoddy (AR2),1986-06-08
Iraq,Belgium,Jesus Diaz Palacio (Referee) · Vojtech Christov (AR1) · Victoriano Sanchez Arminio (AR2),1986-06-08
Denmark,Uruguay,Antonio Marquez Ramirez (Referee) · Jan Keizer (AR1) · Romualdo Arppi Filho (AR2),1986-06-08
Mexico,Paraguay,George Courtney (Referee) · Erik Fredriksson (AR1) · Ioan Igna (AR2),1986-06-07
Northern Ireland,Spain,Horst Brummeier (Referee) · Luigi Agnolin (AR1) · Lajos Nemeth (AR2),1986-06-07
Poland,Portugal,Ali Bennaceur (Referee) · Edwin Picon-Ackong (AR1) · Shizuo Takada (AR2),1986-06-07
Brazil,Algeria,Romulo Mendez Molina (Referee) · Jose Luis Martinez Bazan (AR1) · Joel Quiniou (AR2),1986-06-06
Hungary,Canada,Jamal Al Sharif (Referee) · Zoran Petrovic (AR1) · Christopher Bambridge (AR2),1986-06-06
England,Morocco,Gabriel Gonzalez Roa (Referee) · Carlos Esposito (AR1) · Siegfried Kirschen (AR2),1986-06-06
Italy,Argentina,Jan Keizer (Referee) · Antonio Marquez Ramirez (AR1) · Alan Snoddy (AR2),1986-06-05
France,Soviet Union,Romualdo Arppi Filho (Referee) · Victoriano Sanchez Arminio (AR1) · Shizuo Takada (AR2),1986-06-05
Korea Republic,Bulgaria,Fallaj Khuzam Al Shanar (Referee) · Ioan Igna (AR1) · Valeri Butenko (AR2),1986-06-05
Paraguay,Iraq,Edwin Picon-Ackong (Referee) · Berny Ulloa Morera (AR1) · David Socha (AR2),1986-06-04
Uruguay,West Germany,Vojtech Christov (Referee) · Hernan Silva Arce (AR1) · Carlos Alberto Silva Valente (AR2),1986-06-04
Scotland,Denmark,Lajos Nemeth (Referee) · Siegfried Kirschen (AR1) · Fallaj Khuzam Al Shanar (AR2),1986-06-04
Belgium,Mexico,Carlos Esposito (Referee) · Carlos Alberto Silva Valente (AR1) · Romulo Mendez Molina (AR2),1986-06-03
Algeria,Northern Ireland,Valeri Butenko (Referee) · Andre Daina (AR1) · Zoran Petrovic (AR2),1986-06-03
Portugal,England,Volker Roth (Referee) · Bogdan Dotchev (AR1) · Jamal Al Sharif (AR2),1986-06-03
Soviet Union,Hungary,Luigi Agnolin (Referee) · George Courtney (AR1) · Horst Brummeier (AR2),1986-06-02
Argentina,Korea Republic,Victoriano Sanchez Arminio (Referee) · Gabriel Gonzalez Roa (AR1) · Jesus Diaz Palacio (AR2),1986-06-02
Morocco,Poland,Jose Luis Martinez Bazan (Referee) · Joel Quiniou (AR1) · Idrissa Traore (AR2),1986-06-02
Spain,Brazil,Christopher Bambridge (Referee) · David Socha (AR1) · Jan Keizer (AR2),1986-06-01
Canada,France,Hernan Silva Arce (Referee) · Romulo Mendez Molina (AR1) · Berny Ulloa Morera (AR2),1986-06-01
Bulgaria,Italy,Erik Fredriksson (Referee) · Edgardo Codesal Mendez (AR1) · Volker Roth (AR2),1986-05-31
Italy,West Germany,Arnaldo Coelho (Referee) · Abraham Klein (AR1) · Vojtech Christov (AR2),1982-07-11
Poland,France,Antonio Garrido (Referee) · Mario Rubio Vazquez (AR1) · Belaid Lacarne (AR2),1982-07-10
Poland,Italy,Juan Cardellino De San Vicente (Referee) · David Socha (AR1) · Gilberto Aristizabal Murcia (AR2),1982-07-08
West Germany,France,Charles Corver (Referee) · Bruno Galler (AR1) · Robert Valentine (AR2),1982-07-08
Italy,Brazil,Abraham Klein (Referee) · Thomson Tam Sun Chan (AR1) · Bogdan Dotchev (AR2),1982-07-05
Spain,England,Alexis Ponnet (Referee) · Michel Vautrot (AR1) · Belaid Lacarne (AR2),1982-07-05
France,Northern Ireland,Alojzy Jarguz (Referee) · Nicolae Rainea (AR1) · Yusef Mohamed El Ghoul (AR2),1982-07-04
Poland,Soviet Union,Robert Valentine (Referee) · Henning Lund-Sorensen (AR1) · Clive White (AR2),1982-07-04
Argentina,Brazil,Mario Rubio Vazquez (Referee) · Gilberto Aristizabal Murcia (AR1) · Gaston Castro (AR2),1982-07-02
West Germany,Spain,Paolo Casarin (Referee) · Franz Woehrer (AR1) · Karoly Palotai (AR2),1982-07-02
Austria,Northern Ireland,Adolf Prokop (Referee) · Erik Fredriksson (AR1) · Walter Eschweiler (AR2),1982-07-01
Belgium,Soviet Union,Michel Vautrot (Referee) · Charles Corver (AR1) · Antonio Garrido (AR2),1982-07-01
Italy,Argentina,Nicolae Rainea (Referee) · Bruno Galler (AR1) · Belaid Lacarne (AR2),1982-06-29
West Germany,England,Arnaldo Coelho (Referee) · Hector Ortiz (AR1) · Romulo Mendez Molina (AR2),1982-06-29
Austria,France,Karoly Palotai (Referee) · Vojtech Christov (AR1) · Damir Matovinovic (AR2),1982-06-28
Poland,Belgium,Jesus Paulino Siles (Referee) · Enrique Labo Revoredo (AR1) · Gaston Castro (AR2),1982-06-28
England,Kuwait,Gilberto Aristizabal Murcia (Referee) · Henning Lund-Sorensen (AR1) · Jose L. Garcia Carrion (AR2),1982-06-25
West Germany,Austria,Robert Valentine (Referee) · Ebrahim Al Doy (AR1) · Arnaldo Coelho (AR2),1982-06-25
Northern Ireland,Spain,Hector Ortiz (Referee) · Enrique Labo Revoredo (AR1) · Alexis Ponnet (AR2),1982-06-25
France,Czechoslovakia,Paolo Casarin (Referee) · Benjamin Dwomoh (AR1) · Karoly Palotai (AR2),1982-06-24
Algeria,Chile,Romulo Mendez Molina (Referee) · Erik Fredriksson (AR1) · Arnaldo Coelho (AR2),1982-06-24
Honduras,Yugoslavia,Gaston Castro (Referee) · Jesus Paulino Siles (AR1) · Arturo Andres Ithurralde (AR2),1982-06-24
Italy,Cameroon,Bogdan Dotchev (Referee) · Emilio Soriano Aladren (AR1) · Victoriano Sanchez Arminio (AR2),1982-06-23
Argentina,El Salvador,Luis Barrancos (Referee) · Augusto Lamo Castillo (AR1) · Belaid Lacarne (AR2),1982-06-23
Brazil,New Zealand,Damir Matovinovic (Referee) · Abraham Klein (AR1) · Charles Corver (AR2),1982-06-23
Poland,Peru,Mario Rubio Vazquez (Referee) · Emilio Soriano Aladren (AR1) · Victoriano Sanchez Arminio (AR2),1982-06-22
Belgium,Hungary,Clive White (Referee) · Walter Eschweiler (AR1) · Belaid Lacarne (AR2),1982-06-22
Soviet Union,Scotland,Nicolae Rainea (Referee) · Alojzy Jarguz (AR1) · Alexis Ponnet (AR2),1982-06-22
Algeria,Austria,Tony Boskovic (Referee) · Vojtech Christov (AR1) · Ebrahim Al Doy (AR2),1982-06-21
France,Kuwait,Miroslav Stupar (Referee) · Erik Fredriksson (AR1) · Damir Matovinovic (AR2),1982-06-21
Honduras,Northern Ireland,Thomson Tam Sun Chan (Referee) · Enrique Labo Revoredo (AR1) · Paolo Casarin (AR2),1982-06-21
West Germany,Chile,Bruno Galler (Referee) · Vojtech Christov (AR1) · Tony Boskovic (AR2),1982-06-20
England,Czechoslovakia,Charles Corver (Referee) · Bogdan Dotchev (AR1) · Gilberto Aristizabal Murcia (AR2),1982-06-20
Spain,Yugoslavia,Henning Lund-Sorensen (Referee) · Antonio Garrido (AR1) · Arturo Andres Ithurralde (AR2),1982-06-20
Poland,Cameroon,Alexis Ponnet (Referee) · Walter Eschweiler (AR1) · Mario Rubio Vazquez (AR2),1982-06-19
Soviet Union,New Zealand,Yusef Mohamed El Ghoul (Referee) · Emilio Soriano Aladren (AR1) · Clive White (AR2),1982-06-19
Belgium,El Salvador,Malcolm Moffatt (Referee) · Gaston Castro (AR1) · Alojzy Jarguz (AR2),1982-06-19
Italy,Peru,Walter Eschweiler (Referee) · Mario Rubio Vazquez (AR1) · Abraham Klein (AR2),1982-06-18
Brazil,Scotland,Jesus Paulino Siles (Referee) · Thomson Tam Sun Chan (AR1) · Adolf Prokop (AR2),1982-06-18
Argentina,Hungary,Belaid Lacarne (Referee) · Michel Vautrot (AR1) · Nicolae Rainea (AR2),1982-06-18
Chile,Austria,Juan Cardellino De San Vicente (Referee) · Paolo Casarin (AR1) · Gilberto Aristizabal Murcia (AR2),1982-06-17
Czechoslovakia,Kuwait,Benjamin Dwomoh (Referee) · Romulo Mendez Molina (AR1) · Robert Valentine (AR2),1982-06-17
Yugoslavia,Northern Ireland,Erik Fredriksson (Referee) · Bruno Galler (AR1) · Karoly Palotai (AR2),1982-06-17
England,France,Antonio Garrido (Referee) · Gaston Castro (AR1) · Arnaldo Coelho (AR2),1982-06-16
West Germany,Algeria,Enrique Labo Revoredo (Referee) · Gilberto Aristizabal Murcia (AR1) · Paolo Casarin (AR2),1982-06-16
Spain,Honduras,Arturo Andres Ithurralde (Referee) · Bogdan Dotchev (AR1) · Luis Barrancos (AR2),1982-06-16
Peru,Cameroon,Franz Woehrer (Referee) · Nicolae Rainea (AR1) · Adolf Prokop (AR2),1982-06-15
Hungary,El Salvador,Ebrahim Al Doy (Referee) · Charles Corver (AR1) · Henning Lund-Sorensen (AR2),1982-06-15
Scotland,New Zealand,David Socha (Referee) · Thomson Tam Sun Chan (AR1) · Yusef Mohamed El Ghoul (AR2),1982-06-15
Italy,Poland,Michel Vautrot (Referee) · Adolf Prokop (AR1) · Nicolae Rainea (AR2),1982-06-14
Brazil,Soviet Union,Augusto Lamo Castillo (Referee) · Victoriano Sanchez Arminio (AR1) · Jose L. Garcia Carrion (AR2),1982-06-14
Argentina,Belgium,Vojtech Christov (Referee) · Karoly Palotai (AR1) · Alojzy Jarguz (AR2),1982-06-13
Argentina,Netherlands,Sergio Gonella (Referee) · Ramon Barreto Ruiz (AR1) · Erich Linemayr (AR2),1978-06-25
Brazil,Italy,Abraham Klein (Referee) · Alfonso Gonzalez Archundia (AR1) · Karoly Palotai (AR2),1978-06-24
Netherlands,Italy,Angel Martinez (Referee) · Luis Pestarino (AR1) · Cesar Orozco Guerrero (AR2),1978-06-21
Austria,West Germany,Abraham Klein (Referee) · Alojzy Jarguz (AR1) · Antonio Garrido (AR2),1978-06-21
Brazil,Poland,Juan Silvagno Cavanna (Referee) · Anatoly Ivanov (AR1) · Alfonso Gonzalez Archundia (AR2),1978-06-21
Argentina,Peru,Robert Wurtz (Referee) · Ferdinand Biwersi (AR1) · Sergio Gonella (AR2),1978-06-21
Poland,Peru,Pat Partridge (Referee) · Thomas Clive (AR1) · Charles Corver (AR2),1978-06-18
West Germany,Netherlands,Ramon Barreto Ruiz (Referee) · Miguel Comesana (AR1) · Arnaldo Coelho (AR2),1978-06-18
Italy,Austria,Francis Rion (Referee) · Norberto Angel Coerezza (AR1) · Youssou Ndiaye (AR2),1978-06-18
Argentina,Brazil,Karoly Palotai (Referee) · Erich Linemayr (AR1) · Adolf Prokop (AR2),1978-06-18
Netherlands,Austria,John Gordon (Referee) · Arturo Andres Ithurralde (AR1) · Farouk Bouzo (AR2),1978-06-14
West Germany,Italy,Dusan Maksimovic (Referee) · Alfonso Gonzalez Archundia (AR1) · Miguel Comesana (AR2),1978-06-14
Brazil,Peru,Nicolae Rainea (Referee) · Jean Dubach (AR1) · Werner Winsemann (AR2),1978-06-14
Argentina,Poland,Ulf Eriksson (Referee) · Jafar Namdar (AR1) · Tesfaye Gebreyesus Difue (AR2),1978-06-14
Brazil,Austria,Robert Wurtz (Referee) · Farouk Bouzo (AR1) · Tesfaye Gebreyesus Difue (AR2),1978-06-11
Spain,Sweden,Ferdinand Biwersi (Referee) · Arturo Andres Ithurralde (AR1) · Adolf Prokop (AR2),1978-06-11
Peru,IR Iran,Alojzy Jarguz (Referee) · Dusan Maksimovic (AR1) · Werner Winsemann (AR2),1978-06-11
Scotland,Netherlands,Erich Linemayr (Referee) · Karoly Palotai (AR1) · Hedi Seoudi (AR2),1978-06-11
France,Hungary,Arnaldo Coelho (Referee) · Pat Partridge (AR1) · Juan Silvagno Cavanna (AR2),1978-06-10
Poland,Mexico,Jafar Namdar (Referee) · Ulf Eriksson (AR1) · Charles Corver (AR2),1978-06-10
West Germany,Tunisia,Cesar Orozco Guerrero (Referee) · Miguel Comesana (AR1) · Luis Pestarino (AR2),1978-06-10
Italy,Argentina,Abraham Klein (Referee) · Alfonso Gonzalez Archundia (AR1) · Francis Rion (AR2),1978-06-10
Austria,Sweden,Charles Corver (Referee) · Dusan Maksimovic (AR1) · Hedi Seoudi (AR2),1978-06-07
Brazil,Spain,Sergio Gonella (Referee) · Abraham Klein (AR1) · Arturo Andres Ithurralde (AR2),1978-06-07
Netherlands,Peru,Adolf Prokop (Referee) · Norberto Angel Coerezza (AR1) · Anatoly Ivanov (AR2),1978-06-07
Scotland,IR Iran,Youssou Ndiaye (Referee) · Nicolae Rainea (AR1) · Arnaldo Coelho (AR2),1978-06-07
Italy,Hungary,Ramon Barreto Ruiz (Referee) · Ferdinand Biwersi (AR1) · John Gordon (AR2),1978-06-06
West Germany,Mexico,Farouk Bouzo (Referee) · Antonio Garrido (AR1) · Francis Rion (AR2),1978-06-06
Poland,Tunisia,Angel Martinez (Referee) · Luis Pestarino (AR1) · Clive Thomas (AR2),1978-06-06
Argentina,France,Jean Dubach (Referee) · Cesar Orozco Guerrero (AR1) · Werner Winsemann (AR2),1978-06-06
Sweden,Brazil,Clive Thomas (Referee) · Alojzy Jarguz (AR1) · Jafar Namdar (AR2),1978-06-03
Austria,Spain,Karoly Palotai (Referee) · Ramon Barreto Ruiz (AR1) · Anatoly Ivanov (AR2),1978-06-03
Peru,Scotland,Ulf Eriksson (Referee) · Tesfaye Gebreyesus Difue (AR1) · Angel Martinez (AR2),1978-06-03
Netherlands,IR Iran,Alfonso Gonzalez Archundia (Referee) · Robert Wurtz (AR1) · Miguel Comesana (AR2),1978-06-03
Italy,France,Nicolae Rainea (Referee) · Erich Linemayr (AR1) · Juan Silvagno Cavanna (AR2),1978-06-02
Tunisia,Mexico,John Gordon (Referee) · Jean Dubach (AR1) · Sergio Gonella (AR2),1978-06-02
Argentina,Hungary,Antonio Garrido (Referee) · Youssou Ndiaye (AR1) · Pat Partridge (AR2),1978-06-02
West Germany,Poland,Norberto Angel Coerezza (Referee) · Arturo Andres Ithurralde (AR1) · Miguel Comesana (AR2),1978-06-01
Netherlands,West Germany,John Taylor (Referee) · Alfonso Gonzalez Archundia (AR1) · Ramon Barreto Ruiz (AR2),1974-07-07
Brazil,Poland,Aurelio Angonese (Referee) · Jafar Namdar (AR1) · Birame Ndiaye (AR2),1974-07-06
Poland,West Germany,Erich Linemayr (Referee) · Karoly Palotai (AR1) · Ruedi Scheurer (AR2),1974-07-03
Netherlands,Brazil,Kurt Tschenscher (Referee) · Bob Davidson (AR1) · George Suppiah (AR2),1974-07-03
Argentina,Germany DR,John Taylor (Referee) · Mahmoud Kamel (AR1) · Clive Thomas (AR2),1974-07-03
Sweden,Yugoslavia,Luis Pestarino (Referee) · Ramon Barreto Ruiz (AR1) · Vicente Llobregat (AR2),1974-07-03
Poland,Yugoslavia,Rudolf Gloeckner (Referee) · Armando Marques (AR1) · Werner Winsemann (AR2),1974-06-30
Argentina,Brazil,Vital Loraux (Referee) · Birame Ndiaye (AR1) · John Taylor (AR2),1974-06-30
Germany DR,Netherlands,Ruedi Scheurer (Referee) · Erich Linemayr (AR1) · Omar Delgado (AR2),1974-06-30
West Germany,Sweden,Pavel Kazakov (Referee) · Nicolae Rainea (AR1) · Pablo Sanchez Ibanez (AR2),1974-06-30
Yugoslavia,West Germany,Armando Marques (Referee) · Aurelio Angonese (AR1) · Edison A. Perez Nunez (AR2),1974-06-26
Brazil,Germany DR,Clive Thomas (Referee) · Dogan Babacan (AR1) · Tony Boskovic (AR2),1974-06-26
Sweden,Poland,Ramon Barreto Ruiz (Referee) · Alfonso Gonzalez Archundia (AR1) · Luis Pestarino (AR2),1974-06-26
Netherlands,Argentina,Bob Davidson (Referee) · Kurt Tschenscher (AR1) · Pavel Kazakov (AR2),1974-06-26
Bulgaria,Netherlands,Tony Boskovic (Referee) · Ferdinand Biwersi (AR1) · Walter Eschweiler (AR2),1974-06-23
Poland,Italy,Hans Joachim Weyland (Referee) · Werner Winsemann (AR1) · Gerhard Schulenburg (AR2),1974-06-23
Sweden,Uruguay,Erich Linemayr (Referee) · Vicente Llobregat (AR1) · Heinz Aldinger (AR2),1974-06-23
Argentina,Haiti,Pablo Sanchez Ibanez (Referee) · Mahmoud Kamel (AR1) · Birame Ndiaye (AR2),1974-06-23
Scotland,Yugoslavia,Alfonso Gonzalez Archundia (Referee) · Rudolf Gloeckner (AR1) · Kurt Tschenscher (AR2),1974-06-22
Australia,Chile,Jafar Namdar (Referee) · Vital Loraux (AR1) · Arie Van Gemert (AR2),1974-06-22
Zaire,Brazil,Nicolae Rainea (Referee) · Aurelio Angonese (AR1) · Klaus Ohmsen (AR2),1974-06-22
Germany DR,West Germany,Ramon Barreto Ruiz (Referee) · Armando Marques (AR1) · Luis Pestarino (AR2),1974-06-22
Haiti,Poland,George Suppiah (Referee) · Ferdinand Biwersi (AR1) · Walter Eschweiler (AR2),1974-06-19
Bulgaria,Uruguay,John Taylor (Referee) · Dogan Babacan (AR1) · Klaus Ohmsen (AR2),1974-06-19
Netherlands,Sweden,Werner Winsemann (Referee) · Kurt Tschenscher (AR1) · Clive Thomas (AR2),1974-06-19
Argentina,Italy,Pavel Kazakov (Referee) · Rudolf Gloeckner (AR1) · Nicolae Rainea (AR2),1974-06-19
Australia,West Germany,Mahmoud Kamel (Referee) · Alfonso Gonzalez Archundia (AR1) · Edison A. Perez Nunez (AR2),1974-06-18
Yugoslavia,Zaire,Omar Delgado (Referee) · Vicente Llobregat (AR1) · Ramon Barreto Ruiz (AR2),1974-06-18
Chile,Germany DR,Aurelio Angonese (Referee) · Ruedi Scheurer (AR1) · Bob Davidson (AR2),1974-06-18
Scotland,Brazil,Arie Van Gemert (Referee) · Karoly Palotai (AR1) · Erich Linemayr (AR2),1974-06-18
Uruguay,Netherlands,Karoly Palotai (Referee) · Pavel Kazakov (AR1) · Nicolae Rainea (AR2),1974-06-15
Sweden,Bulgaria,Edison A. Perez Nunez (Referee) · Alfonso Gonzalez Archundia (AR1) · George Suppiah (AR2),1974-06-15
Italy,Haiti,Vicente Llobregat (Referee) · Jafar Namdar (AR1) · Armando Marques (AR2),1974-06-15
Poland,Argentina,Clive Thomas (Referee) · Heinz Aldinger (AR1) · Bob Davidson (AR2),1974-06-15
West Germany,Chile,Dogan Babacan (Referee) · John Taylor (AR1) · Werner Winsemann (AR2),1974-06-14
Germany DR,Australia,Youssou Ndiaye (Referee) · Pablo Sanchez Ibanez (AR1) · Omar Delgado (AR2),1974-06-14
Zaire,Scotland,Gerhard Schulenburg (Referee) · Tony Boskovic (AR1) · Hans Joachim Weyland (AR2),1974-06-14
Brazil,Yugoslavia,Ruedi Scheurer (Referee) · Vital Loraux (AR1) · Luis Pestarino (AR2),1974-06-13
Brazil,Italy,Rudolf Gloeckner (Referee) · Ruedi Scheurer (AR1) · Norberto Angel Coerezza (AR2),1970-06-21
West Germany,Uruguay,Antonio Sbardella (Referee) · Ferdinand Marschall (AR1) · Abel Aguilar Elizalde (AR2),1970-06-20
Italy,West Germany,Arturo Yamasaki Maldonado (Referee) · Rafael Hormazabal Diaz (AR1) · Guillermo Velasquez (AR2),1970-06-17
Brazil,Uruguay,Jose Maria Ortiz De Mendibil (Referee) · Tofik Bakhramov (AR1) · Ferdinand Marschall (AR2),1970-06-17
Brazil,Peru,Vital Loraux (Referee) · Ferdinand Marschall (AR1) · Gyula Emsberger (AR2),1970-06-14
Italy,Mexico,Ruedi Scheurer (Referee) · Keith Dunstan (AR1) · Henry Landauer (AR2),1970-06-14
Uruguay,Soviet Union,Laurens Van Ravens (Referee) · Bob Davidson (AR1) · Rudolf Gloeckner (AR2),1970-06-14
West Germany,England,Norberto Angel Coerezza (Referee) · Guillermo Velasquez (AR1) · Jose Maria Ortiz De Mendibil (AR2),1970-06-14
Mexico,Belgium,Norberto Angel Coerezza (Referee) · Henry Landauer (AR1) · Rafael Hormazabal Diaz (AR2),1970-06-11
Italy,Israel,Ayrton Vieira De Moraes (Referee) · Seyoum Tarekegn (AR1) · Kurt Tschenscher (AR2),1970-06-11
Bulgaria,Morocco,Antonio Saldanha Ribeiro (Referee) · Tofik Bakhramov (AR1) · Laurens Van Ravens (AR2),1970-06-11
England,Czechoslovakia,Roger Machin (Referee) · Gyula Emsberger (AR1) · Ferdinand Marschall (AR2),1970-06-11
West Germany,Peru,Abel Aguilar Elizalde (Referee) · Jose Maria Ortiz De Mendibil (AR1) · Antonio Sbardella (AR2),1970-06-10
Brazil,Romania,Ferdinand Marschall (Referee) · Ramon Barreto Ruiz (AR1) · Vital Loraux (AR2),1970-06-10
Sweden,Uruguay,Henry Landauer (Referee) · John Taylor (AR1) · Andrei Radulescu (AR2),1970-06-10
Soviet Union,El Salvador,Rafael Hormazabal Diaz (Referee) · Norberto Angel Coerezza (AR1) · Ayrton Vieira De Moraes (AR2),1970-06-10
Mexico,El Salvador,Aly Hussein Kandil (Referee) · Keith Dunstan (AR1) · John Taylor (AR2),1970-06-07
Brazil,England,Abraham Klein (Referee) · Arturo Yamasaki Maldonado (AR1) · Roger Machin (AR2),1970-06-07
West Germany,Bulgaria,Jose Maria Ortiz De Mendibil (Referee) · Guillermo Velasquez (AR1) · Antonio Saldanha Ribeiro (AR2),1970-06-07
Sweden,Israel,Seyoum Tarekegn (Referee) · Andrei Radulescu (AR1) · Drago Horvat (AR2),1970-06-07
Romania,Czechoslovakia,Diego De Leo (Referee) · Gyula Emsberger (AR1) · Vital Loraux (AR2),1970-06-06
Uruguay,Italy,Rudolf Gloeckner (Referee) · Kurt Tschenscher (AR1) · Drago Horvat (AR2),1970-06-06
Soviet Union,Belgium,Ruedi Scheurer (Referee) · Henry Landauer (AR1) · Bob Davidson (AR2),1970-06-06
Peru,Morocco,Tofik Bakhramov (Referee) · Yoshiyuki Maruyama (AR1) · Antonio Sbardella (AR2),1970-06-06
Belgium,El Salvador,Andrei Radulescu (Referee) · Rudolf Gloeckner (AR1) · Kurt Tschenscher (AR2),1970-06-03
Brazil,Czechoslovakia,Ramon Barreto Ruiz (Referee) · Abraham Klein (AR1) · Arturo Yamasaki Maldonado (AR2),1970-06-03
Italy,Sweden,John Taylor (Referee) · Ruedi Scheurer (AR1) · Aly Hussein Kandil (AR2),1970-06-03
West Germany,Morocco,Laurens Van Ravens (Referee) · Jose Maria Ortiz De Mendibil (AR1) · Guillermo Velasquez (AR2),1970-06-03
England,Romania,Vital Loraux (Referee) · Roger Machin (AR1) · Diego De Leo (AR2),1970-06-02
Peru,Bulgaria,Antonio Sbardella (Referee) · Abel Aguilar Elizalde (AR1) · Yoshiyuki Maruyama (AR2),1970-06-02
Uruguay,Israel,Bob Davidson (Referee) · Ruedi Scheurer (AR1) · Seyoum Tarekegn (AR2),1970-06-02
Mexico,Soviet Union,Kurt Tschenscher (Referee) · Keith Dunstan (AR1) · John Taylor (AR2),1970-05-31
England,West Germany,Gottfried Dienst (Referee) · Tofik Bakhramov (AR1) · Karol Galba (AR2),1966-07-30
Portugal,Soviet Union,Kenneth Dagnall (Referee) · Kevin Howley (AR1) · Aly Hussein Kandil (AR2),1966-07-28
England,Portugal,Pierre Schwinte (Referee) · Arturo Yamasaki Maldonado (AR1) · Konstantin Zecevic (AR2),1966-07-26
West Germany,Soviet Union,Concetto Lo Bello (Referee) · Jose Maria Codesal (AR1) · Juan Gardeazabal (AR2),1966-07-25
Portugal,Korea DPR,Menachem Ashkenazi (Referee) · Karol Galba (AR1) · Pierre Schwinte (AR2),1966-07-23
England,Argentina,Rudolf Kreitlein (Referee) · Gottfried Dienst (AR1) · Istvan Zsolt (AR2),1966-07-23
Soviet Union,Hungary,Juan Gardeazabal (Referee) · Jose Maria Codesal (AR1) · Joaquim Fernandes Campos (AR2),1966-07-23
West Germany,Uruguay,Jim Finney (Referee) · Aly Hussein Kandil (AR1) · Hugh Phillips (AR2),1966-07-23
England,France,Arturo Yamasaki Maldonado (Referee) · Karol Galba (AR1) · Dimitar Rumentchev (AR2),1966-07-20
Hungary,Bulgaria,Roberto Goicoechea (Referee) · Juan Gardeazabal (AR1) · Jose Maria Codesal (AR2),1966-07-20
West Germany,Spain,Armando Marques (Referee) · Claudio Vicuna (AR1) · Duk Ryong Choi (AR2),1966-07-20
Soviet Union,Chile,John Adair (Referee) · Pierre Schwinte (AR1) · William Clements (AR2),1966-07-20
Uruguay,Mexico,Bertil Loeoew (Referee) · Claudio Vicuna (AR1) · Concetto Lo Bello (AR2),1966-07-19
Argentina,Switzerland,Joaquim Fernandes Campos (Referee) · Istvan Zsolt (AR1) · Tofik Bakhramov (AR2),1966-07-19
Portugal,Brazil,George Mccabe (Referee) · Leo Callaghan (AR1) · Kenneth Dagnall (AR2),1966-07-19
Korea DPR,Italy,Pierre Schwinte (Referee) · John Adair (AR1) · John Taylor (AR2),1966-07-19
West Germany,Argentina,Konstantin Zecevic (Referee) · Joaquim Fernandes Campos (AR1) · Bertil Loeoew (AR2),1966-07-16
Soviet Union,Italy,Rudolf Kreitlein (Referee) · William Crawford (AR1) · Aly Hussein Kandil (AR2),1966-07-16
Portugal,Bulgaria,Jose Maria Codesal (Referee) · Roberto Goicoechea (AR1) · Kurt Tschenscher (AR2),1966-07-16
England,Mexico,Concetto Lo Bello (Referee) · Duk Ryong Choi (AR1) · Menachem Ashkenazi (AR2),1966-07-16
Spain,Switzerland,Tofik Bakhramov (Referee) · Istvan Zsolt (AR1) · Hugh Phillips (AR2),1966-07-15
Uruguay,France,Karol Galba (Referee) · Leo Callaghan (AR1) · Armando Marques (AR2),1966-07-15
Hungary,Brazil,Kenneth Dagnall (Referee) · Kevin Howley (AR1) · Arturo Yamasaki Maldonado (AR2),1966-07-15
Korea DPR,Chile,Aly Hussein Kandil (Referee) · William Crawford (AR1) · Jim Finney (AR2),1966-07-15
Argentina,Spain,Dimitar Rumentchev (Referee) · Arturo Yamasaki Maldonado (AR1) · Konstantin Zecevic (AR2),1966-07-13
France,Mexico,Menachem Ashkenazi (Referee) · Joaquim Fernandes Campos (AR1) · Karol Galba (AR2),1966-07-13
Italy,Chile,Gottfried Dienst (Referee) · Jim Finney (AR1) · Rudolf Kreitlein (AR2),1966-07-13
Portugal,Hungary,Leo Callaghan (Referee) · Kevin Howley (AR1) · William Clements (AR2),1966-07-13
Brazil,Bulgaria,Kurt Tschenscher (Referee) · George Mccabe (AR1) · John Taylor (AR2),1966-07-12
Soviet Union,Korea DPR,Juan Gardeazabal (Referee) · Aly Hussein Kandil (AR1) · Gottfried Dienst (AR2),1966-07-12
West Germany,Switzerland,Hugh Phillips (Referee) · John Adair (AR1) · Bertil Loeoew (AR2),1966-07-12
England,Uruguay,Istvan Zsolt (Referee) · Tofik Bakhramov (AR1) · Dimitar Rumentchev (AR2),1966-07-11
Brazil,Czechoslovakia,Nikolaj Latychev (Referee) · Leo Horn (AR1) · Bob Davidson (AR2),1962-06-17
Chile,Yugoslavia,Juan Gardeazabal (Referee) · Albert Dusch (AR1) · Andor Dorogi (AR2),1962-06-16
Brazil,Chile,Arturo Yamasaki Maldonado (Referee) · Esteban Marino (AR1) · Luis Antonio Ventre (AR2),1962-06-13
Czechoslovakia,Yugoslavia,Gottfried Dienst (Referee) · Carl Steiner (AR1) · Cesare Jonni (AR2),1962-06-13
Chile,Soviet Union,Leo Horn (Referee) · Joao Etzel Filho (AR1) · Karol Galba (AR2),1962-06-10
Brazil,England,Pierre Schwinte (Referee) · Gottfried Dienst (AR1) · Sergio Bustamante (AR2),1962-06-10
Czechoslovakia,Hungary,Nikolaj Latychev (Referee) · Fernando Buergo (AR1) · Dimitar Rumentchev (AR2),1962-06-10
Yugoslavia,West Germany,Arturo Yamasaki Maldonado (Referee) · Luis Antonio Ventre (AR1) · Jose Antonio Silva (AR2),1962-06-10
England,Bulgaria,Arthur Blavier (Referee) · Adolfe Molina Reginato (AR1) · Bulnes R. (AR2),1962-06-07
Mexico,Czechoslovakia,Gottfried Dienst (Referee) · Branko Tesanic (AR1) · Jose Antonio Sundheim (AR2),1962-06-07
Italy,Switzerland,Nikolaj Latychev (Referee) · Bob Davidson (AR1) · Dimitar Rumentchev (AR2),1962-06-07
Yugoslavia,Colombia,Carlos Robles (Referee) · Cesare Jonni (AR1) · Karol Galba (AR2),1962-06-07
West Germany,Chile,Bob Davidson (Referee) · Ken Aston (AR1) · Leo Horn (AR2),1962-06-06
Soviet Union,Uruguay,Cesare Jonni (Referee) · Andor Dorogi (AR1) · Albert Dusch (AR2),1962-06-06
Hungary,Argentina,Arturo Yamasaki Maldonado (Referee) · Bulnes R. (AR1) · Juan Gardeazabal (AR2),1962-06-06
Brazil,Spain,Sergio Bustamante (Referee) · Esteban Marino (AR1) · Jose Antonio Sundheim (AR2),1962-06-06
Spain,Mexico,Branko Tesanic (Referee) · Claudio Vicuna (AR1) · Walter Jose Van Rosberg (AR2),1962-06-03
Soviet Union,Colombia,Joao Etzel Filho (Referee) · Andor Dorogi (AR1) · Carlos Robles (AR2),1962-06-03
Hungary,Bulgaria,Juan Gardeazabal (Referee) · Bob Davidson (AR1) · Luis Silva (AR2),1962-06-03
West Germany,Switzerland,Leo Horn (Referee) · Nikolaj Latychev (AR1) · Luis Antonio Ventre (AR2),1962-06-03
Chile,Italy,Ken Aston (Referee) · Leo Goldstein (AR1) · Fernando Buergo (AR2),1962-06-02
Brazil,Czechoslovakia,Pierre Schwinte (Referee) · Artur Massaro (AR1) · Gottfried Dienst (AR2),1962-06-02
England,Argentina,Nikolaj Latychev (Referee) · Adolfe Molina Reginato (AR1) · Raymond Morgan (AR2),1962-06-02
Yugoslavia,Uruguay,Karol Galba (Referee) · Albert Dusch (AR1) · Cesare Jonni (AR2),1962-06-02
West Germany,Italy,Bob Davidson (Referee) · Raymond Morgan (AR1) · Luis Antonio Ventre (AR2),1962-05-31
Hungary,England,Leo Horn (Referee) · Arthur Blavier (AR1) · Leo Goldstein (AR2),1962-05-31
Czechoslovakia,Spain,Carl Steiner (Referee) · Esteban Marino (AR1) · Walter Jose Van Rosberg (AR2),1962-05-31
Soviet Union,Yugoslavia,Albert Dusch (Referee) · Joao Etzel Filho (AR1) · Carlos Robles (AR2),1962-05-31
Chile,Switzerland,Ken Aston (Referee) · Arthur Blavier (AR1) · Arturo Yamasaki Maldonado (AR2),1962-05-30
Uruguay,Colombia,Andor Dorogi (Referee) · Joao Etzel Filho (AR1) · Karol Galba (AR2),1962-05-30
Brazil,Mexico,Gottfried Dienst (Referee) · Carl Steiner (AR1) · Pierre Schwinte (AR2),1962-05-30
Argentina,Bulgaria,Juan Gardeazabal (Referee) · Fernando Buergo (AR1) · Raymond Morgan (AR2),1962-05-30
Brazil,Sweden,Maurice Guigue (Referee) · Albert Dusch (AR1) · Juan Gardeazabal (AR2),1958-06-29
France,West Germany,Juan Brozzi (Referee) · Arthur Ellis (AR1) · Bengt Lundell (AR2),1958-06-28
Sweden,West Germany,Istvan Zsolt (Referee) · Fritz Seipelt (AR1) · Arthur Ellis (AR2),1958-06-24
Brazil,France,Benjamin Griffiths (Referee) · Paul Wyssling (AR1) · Reginald Leafe (AR2),1958-06-24
France,Northern Ireland,Juan Gardeazabal (Referee) · Nikolaj Latychev (AR1) · Bengt Andren (AR2),1958-06-19
West Germany,Yugoslavia,Paul Wyssling (Referee) · Joaquim Fernandes Campos (AR1) · Leo Helge (AR2),1958-06-19
Brazil,Wales,Fritz Seipelt (Referee) · Maurice Guigue (AR1) · Albert Dusch (AR2),1958-06-19
Sweden,Soviet Union,Reginald Leafe (Referee) · Juan Brozzi (AR1) · Georg Dragvoll (AR2),1958-06-19
Northern Ireland,Czechoslovakia,Maurice Guigue (Referee) · Joaquim Fernandes Campos (AR1) · Sten Ahlner (AR2),1958-06-17
Wales,Hungary,Nikolaj Latychev (Referee) · Jose Maria Codesal (AR1) · Arne Eriksson (AR2),1958-06-17
Soviet Union,England,Albert Dusch (Referee) · Jan Bronkhorst (AR1) · Fritz Seipelt (AR2),1958-06-17
Sweden,Wales,Lucien Van Nuffel (Referee) · Leo Lemesic (AR1) · Nikolaj Latychev (AR2),1958-06-15
Paraguay,Yugoslavia,Martin Macko (Referee) · Benjamin Griffiths (AR1) · Juan Gardeazabal (AR2),1958-06-15
West Germany,Northern Ireland,Joaquim Fernandes Campos (Referee) · Sten Ahlner (AR1) · Leo Helge (AR2),1958-06-15
Czechoslovakia,Argentina,Arthur Ellis (Referee) · Reginald Leafe (AR1) · Fritz Seipelt (AR2),1958-06-15
England,Austria,Jan Bronkhorst (Referee) · Albert Dusch (AR1) · Istvan Zsolt (AR2),1958-06-15
Brazil,Soviet Union,Maurice Guigue (Referee) · Birger Nilsen (AR1) · Carl Frederik Jorgensen (AR2),1958-06-15
Hungary,Mexico,Arne Eriksson (Referee) · Jose Maria Codesal (AR1) · Jack Mowat (AR2),1958-06-15
France,Scotland,Juan Brozzi (Referee) · Vincenzo Orlandini (AR1) · Paul Wyssling (AR2),1958-06-15
Sweden,Hungary,Jack Mowat (Referee) · Lucien Van Nuffel (AR1) · Georg Dragvoll (AR2),1958-06-12
Soviet Union,Austria,Carl Frederik Jorgensen (Referee) · Birger Nilsen (AR1) · Gosta Ackeborn (AR2),1958-06-11
West Germany,Czechoslovakia,Arthur Ellis (Referee) · Reginald Leafe (AR1) · Fritz Seipelt (AR2),1958-06-11
Argentina,Northern Ireland,Sten Ahlner (Referee) · Joaquim Fernandes Campos (AR1) · Leo Helge (AR2),1958-06-11
Yugoslavia,France,Benjamin Griffiths (Referee) · Paul Wyssling (AR1) · Georg Dragvoll (AR2),1958-06-11
Paraguay,Scotland,Vincenzo Orlandini (Referee) · Juan Gardeazabal (AR1) · Bengt Andren (AR2),1958-06-11
Brazil,England,Albert Dusch (Referee) · Bertil Loeoew (AR1) · Istvan Zsolt (AR2),1958-06-11
Mexico,Wales,Leo Lemesic (Referee) · Nikolaj Latychev (AR1) · Jose Maria Codesal (AR2),1958-06-11
Sweden,Mexico,Nikolaj Latychev (Referee) · Jack Mowat (AR1) · Arne Eriksson (AR2),1958-06-08
Northern Ireland,Czechoslovakia,Fritz Seipelt (Referee) · Arthur Ellis (AR1) · Joaquim Fernandes Campos (AR2),1958-06-08
Hungary,Wales,Jose Maria Codesal (Referee) · Leo Lemesic (AR1) · Lucien Van Nuffel (AR2),1958-06-08
Yugoslavia,Scotland,Paul Wyssling (Referee) · Vincenzo Orlandini (AR1) · Martin Macko (AR2),1958-06-08
Brazil,Austria,Maurice Guigue (Referee) · Albert Dusch (AR1) · Jan Bronkhorst (AR2),1958-06-08
Soviet Union,England,Istvan Zsolt (Referee) · Birger Nilsen (AR1) · Carl Frederik Jorgensen (AR2),1958-06-08
France,Paraguay,Juan Gardeazabal (Referee) · Benjamin Griffiths (AR1) · Juan Brozzi (AR2),1958-06-08
Argentina,West Germany,Reginald Leafe (Referee) · Leo Helge (AR1) · Sten Ahlner (AR2),1958-06-08
Germany,Hungary,William Ling (Referee) · Vincenzo Orlandini (AR1) · Benjamin Griffiths (AR2),1954-07-04
Austria,Uruguay,Paul Wyssling (Referee) · Istvan Zsolt (AR1) · Arthur Ellis (AR2),1954-07-03
Hungary,Uruguay,Benjamin Griffiths (Referee) · Charlie Faultless (AR1) · Raymond Vincenti (AR2),1954-06-30
Germany,Austria,Vincenzo Orlandini (Referee) · Arthur Ellis (AR1) · Fritz Buchmueller (AR2),1954-06-30
Germany,Yugoslavia,Istvan Zsolt (Referee) · Laurent Franken (AR1) · Fritz Buchmueller (AR2),1954-06-27
Hungary,Brazil,Arthur Ellis (Referee) · William Ling (AR1) · Paul Wyssling (AR2),1954-06-27
Uruguay,England,Carl Steiner (Referee) · Vasa Stefanovic (AR1) · Vincenzo Orlandini (AR2),1954-06-26
Switzerland,Austria,Charlie Faultless (Referee) · Manuel Asensi (AR1) · Emil Schmetzer (AR2),1954-06-26
Germany,Türkiye,Raymond Vincenti (Referee) · Charlie Faultless (AR1) · Ernst Doerflinger (AR2),1954-06-23
Switzerland,Italy,Benjamin Griffiths (Referee) · Jose Da Costa Vieira (AR1) · William Ling (AR2),1954-06-23
Hungary,Germany,William Ling (Referee) · Werner Schicker (AR1) · Benjamin Griffiths (AR2),1954-06-20
Türkiye,Korea Republic,Esteban Marino (Referee) · Vincenzo Orlandini (AR1) · Ernest Schonholzer (AR2),1954-06-20
Italy,Belgium,Carl Steiner (Referee) · Raymond Vincenti (AR1) · Emil Schmetzer (AR2),1954-06-20
Switzerland,England,Istvan Zsolt (Referee) · Jose Da Costa Vieira (AR1) · Vasa Stefanovic (AR2),1954-06-20
Uruguay,Scotland,Vincenzo Orlandini (Referee) · Paul Wyssling (AR1) · Denilo Guidi (AR2),1954-06-19
Brazil,Yugoslavia,Charlie Faultless (Referee) · Arthur Ellis (AR1) · Albert Von Gunter (AR2),1954-06-19
Austria,Czechoslovakia,Vasa Stefanovic (Referee) · Ernst Doerflinger (AR1) · Josef Gulde (AR2),1954-06-19
France,Mexico,Manuel Asensi (Referee) · Laurent Franken (AR1) · Rene Baumberger (AR2),1954-06-19
Switzerland,Italy,Mario Viana (Referee) · Manuel Asensi (AR1) · Esteban Marino (AR2),1954-06-17
Hungary,Korea Republic,Raymond Vincenti (Referee) · Albert Von Gunter (AR1) · Carl Steiner (AR2),1954-06-17
Germany,Türkiye,Jose Da Costa Vieira (Referee) · Istvan Zsolt (AR1) · Armand Merlotti (AR2),1954-06-17
England,Belgium,Emil Schmetzer (Referee) · Fritz Buchmueller (AR1) · Willy Ruffli (AR2),1954-06-17
Uruguay,Czechoslovakia,Arthur Ellis (Referee) · William Ling (AR1) · Werner Schicker (AR2),1954-06-16
Yugoslavia,France,Benjamin Griffiths (Referee) · Rene Baumberger (AR1) · Manuel Asensi (AR2),1954-06-16
Brazil,Mexico,Paul Wyssling (Referee) · Ernest Schonholzer (AR1) · Jose Da Costa Vieira (AR2),1954-06-16
Austria,Scotland,Laurent Franken (Referee) · Mario Viana (AR1) · Josef Gulde (AR2),1954-06-16
Sweden,Spain,Karel Van Der Meer (Referee) · Jean Lutz (AR1) · Prudencio Garcia (AR2),1950-07-16
Uruguay,Brazil,George Reader (Referee) · Arthur Ellis (AR1) · George Mitchell (AR2),1950-07-16
Brazil,Spain,Reginald Leafe (Referee) · George Mitchell (AR1) · Jose Da Costa Vieira (AR2),1950-07-13
Uruguay,Sweden,Giovanni Galeati (Referee) · Alois Beranek (AR1) · Cayetano De Nicola (AR2),1950-07-13
Brazil,Sweden,Arthur Ellis (Referee) · Prudencio Garcia (AR1) · Charles De La Salle (AR2),1950-07-09
Uruguay,Spain,Benjamin Griffiths (Referee) · Generoso Dattilo (AR1) · Alfredo Alvarez (AR2),1950-07-09
Chile,United States,Mario Gardelli (Referee) · Mario Ruben Heyen (AR1) · Alfredo Alvarez (AR2),1950-07-02
Italy,Paraguay,Arthur Ellis (Referee) · Prudencio Garcia (AR1) · Charles De La Salle (AR2),1950-07-02
Uruguay,Bolivia,George Reader (Referee) · Mario Viana (AR1) · Leo Lemesic (AR2),1950-07-02
Spain,England,Giovanni Galeati (Referee) · Jean Lutz (AR1) · Generoso Dattilo (AR2),1950-07-02
Switzerland,Mexico,Ivan Eklind (Referee) · Gunnar Dahlner (AR1) · Sergio Bustamante (AR2),1950-07-02
Brazil,Yugoslavia,Benjamin Griffiths (Referee) · Alois Beranek (AR1) · Jose Da Costa Vieira (AR2),1950-07-01
Spain,Chile,Alberto Malcher (Referee) · Esteban Marino (AR1) · Alfredo Alvarez (AR2),1950-06-29
United States,England,Generoso Dattilo (Referee) · Charles De La Salle (AR1) · Giovanni Galeati (AR2),1950-06-29
Sweden,Paraguay,Robert Mitchell (Referee) · Leo Lemesic (AR1) · Prudencio Garcia (AR2),1950-06-29
Brazil,Switzerland,Ramon Azon Roma (Referee) · Sergio Bustamante (AR1) · Cayetano De Nicola (AR2),1950-06-28
Yugoslavia,Mexico,Reginald Leafe (Referee) · Gunnar Dahlner (AR1) · Karel Van Der Meer (AR2),1950-06-28
Sweden,Italy,Jean Lutz (Referee) · Alois Beranek (AR1) · Carlos Tejada (AR2),1950-06-25
England,Chile,Karel Van Der Meer (Referee) · Mario Gardelli (AR1) · Gunnar Dahlner (AR2),1950-06-25
Spain,United States,Mario Viana (Referee) · Jose Da Costa Vieira (AR1) · Charles De La Salle (AR2),1950-06-25
Yugoslavia,Switzerland,Giovanni Galeati (Referee) · Ivan Eklind (AR1) · Generoso Dattilo (AR2),1950-06-25
Brazil,Mexico,George Reader (Referee) · Benjamin Griffiths (AR1) · George Mitchell (AR2),1950-06-24
Brazil,Sweden,Jean Langenus (Referee) · Olive D. (AR1) · Ferdinand Valprede (AR2),1938-06-19
Italy,Hungary,Georges Capdeville (Referee) · Hans Wuethrich (AR1) · Gustav Krist (AR2),1938-06-19
Hungary,Sweden,Lucien Leclercq (Referee) · Johannes Van Moorsel (AR1) · Giuseppe Scarpi (AR2),1938-06-16
Italy,Brazil,Hans Wuethrich (Referee) · Alois Beranek (AR1) · Paul Marenco (AR2),1938-06-16
Brazil,Czechoslovakia,Georges Capdeville (Referee) · Paul Marenco (AR1) · Ernest Kissenberger (AR2),1938-06-14
Sweden,Cuba,Gustav Krist (Referee) · Karl Weingartner (AR1) · Victor Sdez (AR2),1938-06-12
Brazil,Czechoslovakia,Pal Von Hertzka (Referee) · Giuseppe Scarpi (AR1) · Charles De La Salle (AR2),1938-06-12
Hungary,Switzerland,Rinaldo Barlassina (Referee) · Alois Beranek (AR1) · Boutoure D. (AR2),1938-06-12
Italy,France,Louis Baert (Referee) · Hans Wuethrich (AR1) · Ivan Eklind (AR2),1938-06-12
Switzerland,Germany,Ivan Eklind (Referee) · Louis Baert (AR1) · Johannes Van Moorsel (AR2),1938-06-09
Cuba,Romania,Alfred Birlem (Referee) · Pierre Capdeville (AR1) · Paul Marenco (AR2),1938-06-09
Italy,Norway,Alois Beranek (Referee) · Boutoure D. (AR1) · Trehou D. (AR2),1938-06-05
Cuba,Romania,Giuseppe Scarpi (Referee) · Ferdinand Valprede (AR1) · Jean Merkcx (AR2),1938-06-05
Hungary,Dutch East Indies,Roger Conrie (Referee) · Charles De La Salle (AR1) · Karl Weingartner (AR2),1938-06-05
France,Belgium,Hans Wuethrich (Referee) · Gustav Krist (AR1) · Alfred Birlem (AR2),1938-06-05
Brazil,Poland,Ivan Eklind (Referee) · Louis Poissant (AR1) · Ernest Kissenberger (AR2),1938-06-05
Czechoslovakia,Netherlands,Lucien Leclercq (Referee) · Olive D. (AR1) · Victor Sdez (AR2),1938-06-05
Switzerland,Germany,Jean Langenus (Referee) · Paul Marenco (AR1) · Johannes Van Moorsel (AR2),1938-06-04
Italy,Czechoslovakia,Ivan Eklind (Referee) · Louis Baert (AR1) · Mihaly Ivancsics (AR2),1934-06-10
Germany,Austria,Albino Carraro (Referee) · Camillo Caironi (AR1) · Pedro Escartin (AR2),1934-06-07
Czechoslovakia,Germany,Rinaldo Barlassina (Referee) · Alois Beranek (AR1) · Pedro Escartin (AR2),1934-06-03
Italy,Austria,Ivan Eklind (Referee) · Louis Baert (AR1) · Bohumil Zenisek (AR2),1934-06-03
Italy,Spain,Rene Mercet (Referee) · Mihaly Ivancsics (AR1) · Bohumil Zenisek (AR2),1934-06-01
Austria,Hungary,Francesco Mattea (Referee) · Pedro Escartin (AR1) · Alfred Birlem (AR2),1934-05-31
Czechoslovakia,Switzerland,Alois Beranek (Referee) · Youssuf Mohamed (AR1) · Jacques Baert (AR2),1934-05-31
Italy,Spain,Louis Baert (Referee) · Bohumil Zenisek (AR1) · Mihaly Ivancsics (AR2),1934-05-31
Germany,Sweden,Rinaldo Barlassina (Referee) · Rene Mercet (AR1) · Johannes Van Moorsel (AR2),1934-05-31
Czechoslovakia,Romania,Jean Langenus (Referee) · Giuseppe Scarpi (AR1) · Raffaele Scorzoni (AR2),1934-05-27
Hungary,Egypt,Rinaldo Barlassina (Referee) · Generoso Dattilo (AR1) · Otello Sassi (AR2),1934-05-27
Austria,France,Johannes Van Moorsel (Referee) · Camillo Caironi (AR1) · Louis Baert (AR2),1934-05-27
Switzerland,Netherlands,Ivan Eklind (Referee) · Alois Beranek (AR1) · Ferruccio Bonivento (AR2),1934-05-27
Sweden,Argentina,Eugen Braun (Referee) · Albino Carraro (AR1) · Giuseppe Turbiani (AR2),1934-05-27
Spain,Brazil,Alfred Birlem (Referee) · Ettore Carminati (AR1) · Mihaly Ivancsics (AR2),1934-05-27
Germany,Belgium,Francesco Mattea (Referee) · Ermenegildo Melandri (AR1) · Jacques Baert (AR2),1934-05-27
Italy,United States,Rene Mercet (Referee) · Pedro Escartin (AR1) · Bohumil Zenisek (AR2),1934-05-27
Uruguay,Argentina,Jean Langenus (Referee) · Ulises Saucedo (AR1) · Henry Cristophe (AR2),1930-07-30
Uruguay,Yugoslavia,Gilberto Rego (Referee) · Ulises Saucedo (AR1) · Thomas Balway (AR2),1930-07-27
Argentina,United States,Jean Langenus (Referee) · Gaspar Vallejo (AR1) · Alberto Warnken (AR2),1930-07-26
Argentina,Chile,Jean Langenus (Referee) · Henry Cristophe (AR1) · Ulises Saucedo (AR2),1930-07-22
Uruguay,Romania,Gilberto Rego (Referee) · Alberto Warnken (AR1) · Ulises Saucedo (AR2),1930-07-21
Brazil,Bolivia,Thomas Balway (Referee) · Francisco Mateucci (AR1) · Gaspar Vallejo (AR2),1930-07-20
Paraguay,Belgium,Ricardo Vallarino (Referee) · Jose Macias (AR1) · Domingo Lombardi (AR2),1930-07-20
Chile,France,Anibal Tejada (Referee) · Domingo Lombardi (AR1) · Gilberto Rego (AR2),1930-07-19
Argentina,Mexico,Ulises Saucedo (Referee) · Gualberto Alonso (AR1) · Constantin Radulescu (AR2),1930-07-19
Uruguay,Peru,Jean Langenus (Referee) · Thomas Balway (AR1) · Henry Cristophe (AR2),1930-07-18
Yugoslavia,Bolivia,Francisco Mateucci (Referee) · Domingo Lombardi (AR1) · Alberto Warnken (AR2),1930-07-17
United States,Paraguay,Jose Macias (Referee) · Martin Aphesteguy (AR1) · Anibal Tejada (AR2),1930-07-17
Chile,Mexico,Henry Cristophe (Referee) · Martin Aphesteguy (AR1) · Jean Langenus (AR2),1930-07-16
Argentina,France,Gilberto Rego (Referee) · Ulises Saucedo (AR1) · Constantin Radulescu (AR2),1930-07-15
Yugoslavia,Brazil,Anibal Tejada (Referee) · Ricardo Vallarino (AR1) · Thomas Balway (AR2),1930-07-14
Romania,Peru,Alberto Warnken (Referee) · Jean Langenus (AR1) · Francisco Mateucci (AR2),1930-07-14
United States,Belgium,Jose Macias (Referee) · Francisco Mateucci (AR1) · Alberto Warnken (AR2),1930-07-13
France,Mexico,Domingo Lombardi (Referee) · Henry Cristophe (AR1) · Gilberto Rego (AR2),1930-07-13
